timestamp,cylinder,size,operation,type,deadline,stream_id
0.0000,312,8192,READ,MULTIMEDIA,32.7680,mm-0
0.0000,49,8192,READ,MULTIMEDIA,32.7680,mm-1
0.0000,179,8192,READ,MULTIMEDIA,32.7680,mm-2
0.0000,61,8192,READ,MULTIMEDIA,32.7680,mm-3
0.0000,494,8192,READ,MULTIMEDIA,32.7680,mm-4
0.0000,421,8192,READ,MULTIMEDIA,32.7680,mm-5
0.0000,270,8192,READ,MULTIMEDIA,32.7680,mm-6
0.0000,232,8192,READ,MULTIMEDIA,32.7680,mm-7
0.0000,251,8192,READ,MULTIMEDIA,32.7680,mm-8
0.0000,498,8192,READ,MULTIMEDIA,32.7680,mm-9
0.0000,54,8192,READ,MULTIMEDIA,32.7680,mm-10
0.0000,243,8192,READ,MULTIMEDIA,32.7680,mm-11
0.0000,170,8192,READ,MULTIMEDIA,32.7680,mm-12
0.0000,238,8192,READ,MULTIMEDIA,32.7680,mm-13
0.0000,99,8192,READ,MULTIMEDIA,32.7680,mm-14
0.0000,445,8192,READ,MULTIMEDIA,32.7680,mm-15
0.0000,446,8192,READ,MULTIMEDIA,32.7680,mm-16
0.0000,329,8192,READ,MULTIMEDIA,32.7680,mm-17
0.0000,469,8192,READ,MULTIMEDIA,32.7680,mm-18
0.0000,397,8192,READ,MULTIMEDIA,32.7680,mm-19
16.3840,313,8192,READ,MULTIMEDIA,49.1520,mm-0
16.3840,50,8192,READ,MULTIMEDIA,49.1520,mm-1
16.3840,180,8192,READ,MULTIMEDIA,49.1520,mm-2
16.3840,62,8192,READ,MULTIMEDIA,49.1520,mm-3
16.3840,170,8192,READ,MULTIMEDIA,49.1520,mm-4
16.3840,422,8192,READ,MULTIMEDIA,49.1520,mm-5
16.3840,271,8192,READ,MULTIMEDIA,49.1520,mm-6
16.3840,233,8192,READ,MULTIMEDIA,49.1520,mm-7
16.3840,252,8192,READ,MULTIMEDIA,49.1520,mm-8
16.3840,499,8192,READ,MULTIMEDIA,49.1520,mm-9
16.3840,55,8192,READ,MULTIMEDIA,49.1520,mm-10
16.3840,244,8192,READ,MULTIMEDIA,49.1520,mm-11
16.3840,171,8192,READ,MULTIMEDIA,49.1520,mm-12
16.3840,239,8192,READ,MULTIMEDIA,49.1520,mm-13
16.3840,100,8192,READ,MULTIMEDIA,49.1520,mm-14
16.3840,155,8192,READ,MULTIMEDIA,49.1520,mm-15
16.3840,447,8192,READ,MULTIMEDIA,49.1520,mm-16
16.3840,330,8192,READ,MULTIMEDIA,49.1520,mm-17
16.3840,470,8192,READ,MULTIMEDIA,49.1520,mm-18
16.3840,106,8192,READ,MULTIMEDIA,49.1520,mm-19
32.7680,314,8192,READ,MULTIMEDIA,65.5360,mm-0
32.7680,51,8192,READ,MULTIMEDIA,65.5360,mm-1
32.7680,119,8192,READ,MULTIMEDIA,65.5360,mm-2
32.7680,63,8192,READ,MULTIMEDIA,65.5360,mm-3
32.7680,171,8192,READ,MULTIMEDIA,65.5360,mm-4
32.7680,377,8192,READ,MULTIMEDIA,65.5360,mm-5
32.7680,272,8192,READ,MULTIMEDIA,65.5360,mm-6
32.7680,234,8192,READ,MULTIMEDIA,65.5360,mm-7
32.7680,66,8192,READ,MULTIMEDIA,65.5360,mm-8
32.7680,499,8192,READ,MULTIMEDIA,65.5360,mm-9
32.7680,56,8192,READ,MULTIMEDIA,65.5360,mm-10
32.7680,245,8192,READ,MULTIMEDIA,65.5360,mm-11
32.7680,172,8192,READ,MULTIMEDIA,65.5360,mm-12
32.7680,240,8192,READ,MULTIMEDIA,65.5360,mm-13
32.7680,101,8192,READ,MULTIMEDIA,65.5360,mm-14
32.7680,156,8192,READ,MULTIMEDIA,65.5360,mm-15
32.7680,448,8192,READ,MULTIMEDIA,65.5360,mm-16
32.7680,109,8192,READ,MULTIMEDIA,65.5360,mm-17
32.7680,471,8192,READ,MULTIMEDIA,65.5360,mm-18
32.7680,107,8192,READ,MULTIMEDIA,65.5360,mm-19
49.1520,315,8192,READ,MULTIMEDIA,81.9200,mm-0
49.1520,52,8192,READ,MULTIMEDIA,81.9200,mm-1
49.1520,120,8192,READ,MULTIMEDIA,81.9200,mm-2
49.1520,64,8192,READ,MULTIMEDIA,81.9200,mm-3
49.1520,79,8192,READ,MULTIMEDIA,81.9200,mm-4
49.1520,378,8192,READ,MULTIMEDIA,81.9200,mm-5
49.1520,273,8192,READ,MULTIMEDIA,81.9200,mm-6
49.1520,235,8192,READ,MULTIMEDIA,81.9200,mm-7
49.1520,67,8192,READ,MULTIMEDIA,81.9200,mm-8
49.1520,499,8192,READ,MULTIMEDIA,81.9200,mm-9
49.1520,57,8192,READ,MULTIMEDIA,81.9200,mm-10
49.1520,246,8192,READ,MULTIMEDIA,81.9200,mm-11
49.1520,150,8192,READ,MULTIMEDIA,81.9200,mm-12
49.1520,241,8192,READ,MULTIMEDIA,81.9200,mm-13
49.1520,102,8192,READ,MULTIMEDIA,81.9200,mm-14
49.1520,157,8192,READ,MULTIMEDIA,81.9200,mm-15
49.1520,449,8192,READ,MULTIMEDIA,81.9200,mm-16
49.1520,110,8192,READ,MULTIMEDIA,81.9200,mm-17
49.1520,472,8192,READ,MULTIMEDIA,81.9200,mm-18
49.1520,108,8192,READ,MULTIMEDIA,81.9200,mm-19
57.3400,170,5970,READ,OLTP,,
65.5360,456,8192,READ,MULTIMEDIA,98.3040,mm-0
65.5360,53,8192,READ,MULTIMEDIA,98.3040,mm-1
65.5360,121,8192,READ,MULTIMEDIA,98.3040,mm-2
65.5360,341,8192,READ,MULTIMEDIA,98.3040,mm-3
65.5360,80,8192,READ,MULTIMEDIA,98.3040,mm-4
65.5360,379,8192,READ,MULTIMEDIA,98.3040,mm-5
65.5360,274,8192,READ,MULTIMEDIA,98.3040,mm-6
65.5360,236,8192,READ,MULTIMEDIA,98.3040,mm-7
65.5360,68,8192,READ,MULTIMEDIA,98.3040,mm-8
65.5360,499,8192,READ,MULTIMEDIA,98.3040,mm-9
65.5360,58,8192,READ,MULTIMEDIA,98.3040,mm-10
65.5360,247,8192,READ,MULTIMEDIA,98.3040,mm-11
65.5360,151,8192,READ,MULTIMEDIA,98.3040,mm-12
65.5360,242,8192,READ,MULTIMEDIA,98.3040,mm-13
65.5360,103,8192,READ,MULTIMEDIA,98.3040,mm-14
65.5360,246,8192,READ,MULTIMEDIA,98.3040,mm-15
65.5360,129,8192,READ,MULTIMEDIA,98.3040,mm-16
65.5360,111,8192,READ,MULTIMEDIA,98.3040,mm-17
65.5360,494,8192,READ,MULTIMEDIA,98.3040,mm-18
65.5360,109,8192,READ,MULTIMEDIA,98.3040,mm-19
74.1942,169,6069,READ,OLTP,,
81.9200,457,8192,READ,MULTIMEDIA,114.6880,mm-0
81.9200,54,8192,READ,MULTIMEDIA,114.6880,mm-1
81.9200,122,8192,READ,MULTIMEDIA,114.6880,mm-2
81.9200,342,8192,READ,MULTIMEDIA,114.6880,mm-3
81.9200,257,8192,READ,MULTIMEDIA,114.6880,mm-4
81.9200,380,8192,READ,MULTIMEDIA,114.6880,mm-5
81.9200,275,8192,READ,MULTIMEDIA,114.6880,mm-6
81.9200,237,8192,READ,MULTIMEDIA,114.6880,mm-7
81.9200,69,8192,READ,MULTIMEDIA,114.6880,mm-8
81.9200,499,8192,READ,MULTIMEDIA,114.6880,mm-9
81.9200,58,8192,READ,MULTIMEDIA,114.6880,mm-10
81.9200,248,8192,READ,MULTIMEDIA,114.6880,mm-11
81.9200,152,8192,READ,MULTIMEDIA,114.6880,mm-12
81.9200,243,8192,READ,MULTIMEDIA,114.6880,mm-13
81.9200,104,8192,READ,MULTIMEDIA,114.6880,mm-14
81.9200,247,8192,READ,MULTIMEDIA,114.6880,mm-15
81.9200,130,8192,READ,MULTIMEDIA,114.6880,mm-16
81.9200,112,8192,READ,MULTIMEDIA,114.6880,mm-17
81.9200,495,8192,READ,MULTIMEDIA,114.6880,mm-18
81.9200,110,8192,READ,MULTIMEDIA,114.6880,mm-19
98.3040,458,8192,READ,MULTIMEDIA,131.0720,mm-0
98.3040,55,8192,READ,MULTIMEDIA,131.0720,mm-1
98.3040,46,8192,READ,MULTIMEDIA,131.0720,mm-2
98.3040,343,8192,READ,MULTIMEDIA,131.0720,mm-3
98.3040,258,8192,READ,MULTIMEDIA,131.0720,mm-4
98.3040,381,8192,READ,MULTIMEDIA,131.0720,mm-5
98.3040,276,8192,READ,MULTIMEDIA,131.0720,mm-6
98.3040,446,8192,READ,MULTIMEDIA,131.0720,mm-7
98.3040,70,8192,READ,MULTIMEDIA,131.0720,mm-8
98.3040,499,8192,READ,MULTIMEDIA,131.0720,mm-9
98.3040,59,8192,READ,MULTIMEDIA,131.0720,mm-10
98.3040,249,8192,READ,MULTIMEDIA,131.0720,mm-11
98.3040,296,8192,READ,MULTIMEDIA,131.0720,mm-12
98.3040,204,8192,READ,MULTIMEDIA,131.0720,mm-13
98.3040,105,8192,READ,MULTIMEDIA,131.0720,mm-14
98.3040,248,8192,READ,MULTIMEDIA,131.0720,mm-15
98.3040,131,8192,READ,MULTIMEDIA,131.0720,mm-16
98.3040,113,8192,READ,MULTIMEDIA,131.0720,mm-17
98.3040,496,8192,READ,MULTIMEDIA,131.0720,mm-18
98.3040,111,8192,READ,MULTIMEDIA,131.0720,mm-19
109.6654,166,7710,READ,OLTP,,
114.6880,459,8192,READ,MULTIMEDIA,147.4560,mm-0
114.6880,96,8192,READ,MULTIMEDIA,147.4560,mm-1
114.6880,47,8192,READ,MULTIMEDIA,147.4560,mm-2
114.6880,344,8192,READ,MULTIMEDIA,147.4560,mm-3
114.6880,259,8192,READ,MULTIMEDIA,147.4560,mm-4
114.6880,382,8192,READ,MULTIMEDIA,147.4560,mm-5
114.6880,450,8192,READ,MULTIMEDIA,147.4560,mm-6
114.6880,447,8192,READ,MULTIMEDIA,147.4560,mm-7
114.6880,71,8192,READ,MULTIMEDIA,147.4560,mm-8
114.6880,499,8192,READ,MULTIMEDIA,147.4560,mm-9
114.6880,60,8192,READ,MULTIMEDIA,147.4560,mm-10
114.6880,191,8192,READ,MULTIMEDIA,147.4560,mm-11
114.6880,297,8192,READ,MULTIMEDIA,147.4560,mm-12
114.6880,205,8192,READ,MULTIMEDIA,147.4560,mm-13
114.6880,106,8192,READ,MULTIMEDIA,147.4560,mm-14
114.6880,249,8192,READ,MULTIMEDIA,147.4560,mm-15
114.6880,132,8192,READ,MULTIMEDIA,147.4560,mm-16
114.6880,114,8192,READ,MULTIMEDIA,147.4560,mm-17
114.6880,497,8192,READ,MULTIMEDIA,147.4560,mm-18
114.6880,112,8192,READ,MULTIMEDIA,147.4560,mm-19
123.5948,169,4290,WRITE,OLTP,,
131.0720,460,8192,READ,MULTIMEDIA,163.8400,mm-0
131.0720,97,8192,READ,MULTIMEDIA,163.8400,mm-1
131.0720,48,8192,READ,MULTIMEDIA,163.8400,mm-2
131.0720,345,8192,READ,MULTIMEDIA,163.8400,mm-3
131.0720,260,8192,READ,MULTIMEDIA,163.8400,mm-4
131.0720,383,8192,READ,MULTIMEDIA,163.8400,mm-5
131.0720,451,8192,READ,MULTIMEDIA,163.8400,mm-6
131.0720,448,8192,READ,MULTIMEDIA,163.8400,mm-7
131.0720,72,8192,READ,MULTIMEDIA,163.8400,mm-8
131.0720,499,8192,READ,MULTIMEDIA,163.8400,mm-9
131.0720,61,8192,READ,MULTIMEDIA,163.8400,mm-10
131.0720,192,8192,READ,MULTIMEDIA,163.8400,mm-11
131.0720,298,8192,READ,MULTIMEDIA,163.8400,mm-12
131.0720,206,8192,READ,MULTIMEDIA,163.8400,mm-13
131.0720,107,8192,READ,MULTIMEDIA,163.8400,mm-14
131.0720,250,8192,READ,MULTIMEDIA,163.8400,mm-15
131.0720,133,8192,READ,MULTIMEDIA,163.8400,mm-16
131.0720,115,8192,READ,MULTIMEDIA,163.8400,mm-17
131.0720,498,8192,READ,MULTIMEDIA,163.8400,mm-18
131.0720,113,8192,READ,MULTIMEDIA,163.8400,mm-19
147.4560,461,8192,READ,MULTIMEDIA,180.2240,mm-0
147.4560,98,8192,READ,MULTIMEDIA,180.2240,mm-1
147.4560,331,8192,READ,MULTIMEDIA,180.2240,mm-2
147.4560,346,8192,READ,MULTIMEDIA,180.2240,mm-3
147.4560,187,8192,READ,MULTIMEDIA,180.2240,mm-4
147.4560,384,8192,READ,MULTIMEDIA,180.2240,mm-5
147.4560,452,8192,READ,MULTIMEDIA,180.2240,mm-6
147.4560,449,8192,READ,MULTIMEDIA,180.2240,mm-7
147.4560,433,8192,READ,MULTIMEDIA,180.2240,mm-8
147.4560,499,8192,READ,MULTIMEDIA,180.2240,mm-9
147.4560,62,8192,READ,MULTIMEDIA,180.2240,mm-10
147.4560,193,8192,READ,MULTIMEDIA,180.2240,mm-11
147.4560,77,8192,READ,MULTIMEDIA,180.2240,mm-12
147.4560,207,8192,READ,MULTIMEDIA,180.2240,mm-13
147.4560,108,8192,READ,MULTIMEDIA,180.2240,mm-14
147.4560,251,8192,READ,MULTIMEDIA,180.2240,mm-15
147.4560,134,8192,READ,MULTIMEDIA,180.2240,mm-16
147.4560,116,8192,READ,MULTIMEDIA,180.2240,mm-17
147.4560,499,8192,READ,MULTIMEDIA,180.2240,mm-18
147.4560,114,8192,READ,MULTIMEDIA,180.2240,mm-19
152.2155,166,6330,READ,OLTP,,
163.8400,462,8192,READ,MULTIMEDIA,196.6080,mm-0
163.8400,99,8192,READ,MULTIMEDIA,196.6080,mm-1
163.8400,480,8192,READ,MULTIMEDIA,196.6080,mm-2
163.8400,172,8192,READ,MULTIMEDIA,196.6080,mm-3
163.8400,205,8192,READ,MULTIMEDIA,196.6080,mm-4
163.8400,385,8192,READ,MULTIMEDIA,196.6080,mm-5
163.8400,453,8192,READ,MULTIMEDIA,196.6080,mm-6
163.8400,450,8192,READ,MULTIMEDIA,196.6080,mm-7
163.8400,434,8192,READ,MULTIMEDIA,196.6080,mm-8
163.8400,499,8192,READ,MULTIMEDIA,196.6080,mm-9
163.8400,63,8192,READ,MULTIMEDIA,196.6080,mm-10
163.8400,89,8192,READ,MULTIMEDIA,196.6080,mm-11
163.8400,78,8192,READ,MULTIMEDIA,196.6080,mm-12
163.8400,208,8192,READ,MULTIMEDIA,196.6080,mm-13
163.8400,109,8192,READ,MULTIMEDIA,196.6080,mm-14
163.8400,252,8192,READ,MULTIMEDIA,196.6080,mm-15
163.8400,135,8192,READ,MULTIMEDIA,196.6080,mm-16
163.8400,117,8192,READ,MULTIMEDIA,196.6080,mm-17
163.8400,499,8192,READ,MULTIMEDIA,196.6080,mm-18
163.8400,115,8192,READ,MULTIMEDIA,196.6080,mm-19
170.1087,169,10225,WRITE,OLTP,,
171.6585,165,13368,READ,OLTP,,
177.4110,294,9122,READ,OLTP,,
180.2240,463,8192,READ,MULTIMEDIA,212.9920,mm-0
180.2240,100,8192,READ,MULTIMEDIA,212.9920,mm-1
180.2240,481,8192,READ,MULTIMEDIA,212.9920,mm-2
180.2240,173,8192,READ,MULTIMEDIA,212.9920,mm-3
180.2240,206,8192,READ,MULTIMEDIA,212.9920,mm-4
180.2240,386,8192,READ,MULTIMEDIA,212.9920,mm-5
180.2240,454,8192,READ,MULTIMEDIA,212.9920,mm-6
180.2240,451,8192,READ,MULTIMEDIA,212.9920,mm-7
180.2240,435,8192,READ,MULTIMEDIA,212.9920,mm-8
180.2240,499,8192,READ,MULTIMEDIA,212.9920,mm-9
180.2240,64,8192,READ,MULTIMEDIA,212.9920,mm-10
180.2240,121,8192,READ,MULTIMEDIA,212.9920,mm-11
180.2240,79,8192,READ,MULTIMEDIA,212.9920,mm-12
180.2240,209,8192,READ,MULTIMEDIA,212.9920,mm-13
180.2240,110,8192,READ,MULTIMEDIA,212.9920,mm-14
180.2240,253,8192,READ,MULTIMEDIA,212.9920,mm-15
180.2240,136,8192,READ,MULTIMEDIA,212.9920,mm-16
180.2240,118,8192,READ,MULTIMEDIA,212.9920,mm-17
180.2240,499,8192,READ,MULTIMEDIA,212.9920,mm-18
180.2240,116,8192,READ,MULTIMEDIA,212.9920,mm-19
182.1443,90,7205,WRITE,OLTP,,
194.7437,170,6171,READ,OLTP,,
196.6080,464,8192,READ,MULTIMEDIA,229.3760,mm-0
196.6080,101,8192,READ,MULTIMEDIA,229.3760,mm-1
196.6080,482,8192,READ,MULTIMEDIA,229.3760,mm-2
196.6080,153,8192,READ,MULTIMEDIA,229.3760,mm-3
196.6080,207,8192,READ,MULTIMEDIA,229.3760,mm-4
196.6080,232,8192,READ,MULTIMEDIA,229.3760,mm-5
196.6080,455,8192,READ,MULTIMEDIA,229.3760,mm-6
196.6080,452,8192,READ,MULTIMEDIA,229.3760,mm-7
196.6080,436,8192,READ,MULTIMEDIA,229.3760,mm-8
196.6080,499,8192,READ,MULTIMEDIA,229.3760,mm-9
196.6080,65,8192,READ,MULTIMEDIA,229.3760,mm-10
196.6080,115,8192,READ,MULTIMEDIA,229.3760,mm-11
196.6080,80,8192,READ,MULTIMEDIA,229.3760,mm-12
196.6080,210,8192,READ,MULTIMEDIA,229.3760,mm-13
196.6080,111,8192,READ,MULTIMEDIA,229.3760,mm-14
196.6080,254,8192,READ,MULTIMEDIA,229.3760,mm-15
196.6080,137,8192,READ,MULTIMEDIA,229.3760,mm-16
196.6080,119,8192,READ,MULTIMEDIA,229.3760,mm-17
196.6080,475,8192,READ,MULTIMEDIA,229.3760,mm-18
196.6080,117,8192,READ,MULTIMEDIA,229.3760,mm-19
201.9436,60,10960,WRITE,OLTP,,
208.0395,169,13244,WRITE,OLTP,,
212.9920,465,8192,READ,MULTIMEDIA,245.7600,mm-0
212.9920,102,8192,READ,MULTIMEDIA,245.7600,mm-1
212.9920,284,8192,READ,MULTIMEDIA,245.7600,mm-2
212.9920,154,8192,READ,MULTIMEDIA,245.7600,mm-3
212.9920,208,8192,READ,MULTIMEDIA,245.7600,mm-4
212.9920,233,8192,READ,MULTIMEDIA,245.7600,mm-5
212.9920,456,8192,READ,MULTIMEDIA,245.7600,mm-6
212.9920,453,8192,READ,MULTIMEDIA,245.7600,mm-7
212.9920,437,8192,READ,MULTIMEDIA,245.7600,mm-8
212.9920,499,8192,READ,MULTIMEDIA,245.7600,mm-9
212.9920,66,8192,READ,MULTIMEDIA,245.7600,mm-10
212.9920,116,8192,READ,MULTIMEDIA,245.7600,mm-11
212.9920,81,8192,READ,MULTIMEDIA,245.7600,mm-12
212.9920,211,8192,READ,MULTIMEDIA,245.7600,mm-13
212.9920,143,8192,READ,MULTIMEDIA,245.7600,mm-14
212.9920,255,8192,READ,MULTIMEDIA,245.7600,mm-15
212.9920,138,8192,READ,MULTIMEDIA,245.7600,mm-16
212.9920,120,8192,READ,MULTIMEDIA,245.7600,mm-17
212.9920,476,8192,READ,MULTIMEDIA,245.7600,mm-18
212.9920,118,8192,READ,MULTIMEDIA,245.7600,mm-19
229.3760,2,8192,READ,MULTIMEDIA,262.1440,mm-0
229.3760,103,8192,READ,MULTIMEDIA,262.1440,mm-1
229.3760,285,8192,READ,MULTIMEDIA,262.1440,mm-2
229.3760,155,8192,READ,MULTIMEDIA,262.1440,mm-3
229.3760,372,8192,READ,MULTIMEDIA,262.1440,mm-4
229.3760,444,8192,READ,MULTIMEDIA,262.1440,mm-5
229.3760,457,8192,READ,MULTIMEDIA,262.1440,mm-6
229.3760,454,8192,READ,MULTIMEDIA,262.1440,mm-7
229.3760,438,8192,READ,MULTIMEDIA,262.1440,mm-8
229.3760,499,8192,READ,MULTIMEDIA,262.1440,mm-9
229.3760,67,8192,READ,MULTIMEDIA,262.1440,mm-10
229.3760,117,8192,READ,MULTIMEDIA,262.1440,mm-11
229.3760,82,8192,READ,MULTIMEDIA,262.1440,mm-12
229.3760,212,8192,READ,MULTIMEDIA,262.1440,mm-13
229.3760,144,8192,READ,MULTIMEDIA,262.1440,mm-14
229.3760,256,8192,READ,MULTIMEDIA,262.1440,mm-15
229.3760,139,8192,READ,MULTIMEDIA,262.1440,mm-16
229.3760,121,8192,READ,MULTIMEDIA,262.1440,mm-17
229.3760,477,8192,READ,MULTIMEDIA,262.1440,mm-18
229.3760,119,8192,READ,MULTIMEDIA,262.1440,mm-19
238.2097,366,1048576,READ,OLAP,,
238.7097,367,1048576,READ,OLAP,,
239.2097,368,1048576,READ,OLAP,,
239.7097,369,1048576,READ,OLAP,,
240.2097,370,1048576,READ,OLAP,,
240.7097,371,1048576,READ,OLAP,,
241.2097,372,1048576,READ,OLAP,,
241.7097,373,1048576,READ,OLAP,,
242.2097,374,1048576,READ,OLAP,,
242.7097,375,1048576,READ,OLAP,,
243.2097,376,1048576,READ,OLAP,,
243.7097,377,1048576,READ,OLAP,,
244.2097,378,1048576,READ,OLAP,,
244.7097,379,1048576,READ,OLAP,,
245.2097,380,1048576,READ,OLAP,,
245.5654,167,9423,READ,OLTP,,
245.7097,381,1048576,READ,OLAP,,
245.7600,3,8192,READ,MULTIMEDIA,278.5280,mm-0
245.7600,343,8192,READ,MULTIMEDIA,278.5280,mm-1
245.7600,286,8192,READ,MULTIMEDIA,278.5280,mm-2
245.7600,156,8192,READ,MULTIMEDIA,278.5280,mm-3
245.7600,373,8192,READ,MULTIMEDIA,278.5280,mm-4
245.7600,261,8192,READ,MULTIMEDIA,278.5280,mm-5
245.7600,427,8192,READ,MULTIMEDIA,278.5280,mm-6
245.7600,455,8192,READ,MULTIMEDIA,278.5280,mm-7
245.7600,439,8192,READ,MULTIMEDIA,278.5280,mm-8
245.7600,499,8192,READ,MULTIMEDIA,278.5280,mm-9
245.7600,68,8192,READ,MULTIMEDIA,278.5280,mm-10
245.7600,118,8192,READ,MULTIMEDIA,278.5280,mm-11
245.7600,83,8192,READ,MULTIMEDIA,278.5280,mm-12
245.7600,256,8192,READ,MULTIMEDIA,278.5280,mm-13
245.7600,145,8192,READ,MULTIMEDIA,278.5280,mm-14
245.7600,257,8192,READ,MULTIMEDIA,278.5280,mm-15
245.7600,140,8192,READ,MULTIMEDIA,278.5280,mm-16
245.7600,122,8192,READ,MULTIMEDIA,278.5280,mm-17
245.7600,478,8192,READ,MULTIMEDIA,278.5280,mm-18
245.7600,120,8192,READ,MULTIMEDIA,278.5280,mm-19
246.2097,382,1048576,READ,OLAP,,
246.7097,383,1048576,READ,OLAP,,
247.2097,384,1048576,READ,OLAP,,
247.7097,385,1048576,READ,OLAP,,
248.2097,386,1048576,READ,OLAP,,
248.7097,387,1048576,READ,OLAP,,
249.2097,388,1048576,READ,OLAP,,
249.7097,389,1048576,READ,OLAP,,
250.2097,390,1048576,READ,OLAP,,
250.7097,391,1048576,READ,OLAP,,
251.2097,392,1048576,READ,OLAP,,
251.7097,393,1048576,READ,OLAP,,
252.2097,394,1048576,READ,OLAP,,
252.7097,395,1048576,READ,OLAP,,
252.7277,167,11327,READ,OLTP,,
253.2097,396,1048576,READ,OLAP,,
253.7097,397,1048576,READ,OLAP,,
254.2097,398,1048576,READ,OLAP,,
254.7097,399,1048576,READ,OLAP,,
255.2097,400,1048576,READ,OLAP,,
255.7097,401,1048576,READ,OLAP,,
256.2097,402,1048576,READ,OLAP,,
256.7097,403,1048576,READ,OLAP,,
257.2097,404,1048576,READ,OLAP,,
257.7097,405,1048576,READ,OLAP,,
262.1440,4,8192,READ,MULTIMEDIA,294.9120,mm-0
262.1440,344,8192,READ,MULTIMEDIA,294.9120,mm-1
262.1440,484,8192,READ,MULTIMEDIA,294.9120,mm-2
262.1440,157,8192,READ,MULTIMEDIA,294.9120,mm-3
262.1440,374,8192,READ,MULTIMEDIA,294.9120,mm-4
262.1440,262,8192,READ,MULTIMEDIA,294.9120,mm-5
262.1440,428,8192,READ,MULTIMEDIA,294.9120,mm-6
262.1440,456,8192,READ,MULTIMEDIA,294.9120,mm-7
262.1440,440,8192,READ,MULTIMEDIA,294.9120,mm-8
262.1440,499,8192,READ,MULTIMEDIA,294.9120,mm-9
262.1440,145,8192,READ,MULTIMEDIA,294.9120,mm-10
262.1440,396,8192,READ,MULTIMEDIA,294.9120,mm-11
262.1440,109,8192,READ,MULTIMEDIA,294.9120,mm-12
262.1440,257,8192,READ,MULTIMEDIA,294.9120,mm-13
262.1440,146,8192,READ,MULTIMEDIA,294.9120,mm-14
262.1440,258,8192,READ,MULTIMEDIA,294.9120,mm-15
262.1440,141,8192,READ,MULTIMEDIA,294.9120,mm-16
262.1440,123,8192,READ,MULTIMEDIA,294.9120,mm-17
262.1440,479,8192,READ,MULTIMEDIA,294.9120,mm-18
262.1440,121,8192,READ,MULTIMEDIA,294.9120,mm-19
278.5280,233,8192,READ,MULTIMEDIA,311.2960,mm-0
278.5280,345,8192,READ,MULTIMEDIA,311.2960,mm-1
278.5280,485,8192,READ,MULTIMEDIA,311.2960,mm-2
278.5280,158,8192,READ,MULTIMEDIA,311.2960,mm-3
278.5280,375,8192,READ,MULTIMEDIA,311.2960,mm-4
278.5280,263,8192,READ,MULTIMEDIA,311.2960,mm-5
278.5280,429,8192,READ,MULTIMEDIA,311.2960,mm-6
278.5280,457,8192,READ,MULTIMEDIA,311.2960,mm-7
278.5280,441,8192,READ,MULTIMEDIA,311.2960,mm-8
278.5280,499,8192,READ,MULTIMEDIA,311.2960,mm-9
278.5280,444,8192,READ,MULTIMEDIA,311.2960,mm-10
278.5280,397,8192,READ,MULTIMEDIA,311.2960,mm-11
278.5280,110,8192,READ,MULTIMEDIA,311.2960,mm-12
278.5280,258,8192,READ,MULTIMEDIA,311.2960,mm-13
278.5280,147,8192,READ,MULTIMEDIA,311.2960,mm-14
278.5280,259,8192,READ,MULTIMEDIA,311.2960,mm-15
278.5280,140,8192,READ,MULTIMEDIA,311.2960,mm-16
278.5280,12,8192,READ,MULTIMEDIA,311.2960,mm-17
278.5280,480,8192,READ,MULTIMEDIA,311.2960,mm-18
278.5280,122,8192,READ,MULTIMEDIA,311.2960,mm-19
294.9120,234,8192,READ,MULTIMEDIA,327.6800,mm-0
294.9120,346,8192,READ,MULTIMEDIA,327.6800,mm-1
294.9120,486,8192,READ,MULTIMEDIA,327.6800,mm-2
294.9120,159,8192,READ,MULTIMEDIA,327.6800,mm-3
294.9120,376,8192,READ,MULTIMEDIA,327.6800,mm-4
294.9120,264,8192,READ,MULTIMEDIA,327.6800,mm-5
294.9120,430,8192,READ,MULTIMEDIA,327.6800,mm-6
294.9120,458,8192,READ,MULTIMEDIA,327.6800,mm-7
294.9120,442,8192,READ,MULTIMEDIA,327.6800,mm-8
294.9120,499,8192,READ,MULTIMEDIA,327.6800,mm-9
294.9120,445,8192,READ,MULTIMEDIA,327.6800,mm-10
294.9120,398,8192,READ,MULTIMEDIA,327.6800,mm-11
294.9120,111,8192,READ,MULTIMEDIA,327.6800,mm-12
294.9120,259,8192,READ,MULTIMEDIA,327.6800,mm-13
294.9120,148,8192,READ,MULTIMEDIA,327.6800,mm-14
294.9120,260,8192,READ,MULTIMEDIA,327.6800,mm-15
294.9120,141,8192,READ,MULTIMEDIA,327.6800,mm-16
294.9120,293,8192,READ,MULTIMEDIA,327.6800,mm-17
294.9120,481,8192,READ,MULTIMEDIA,327.6800,mm-18
294.9120,460,8192,READ,MULTIMEDIA,327.6800,mm-19
307.9069,142,8616,READ,OLTP,,
311.2960,235,8192,READ,MULTIMEDIA,344.0640,mm-0
311.2960,347,8192,READ,MULTIMEDIA,344.0640,mm-1
311.2960,487,8192,READ,MULTIMEDIA,344.0640,mm-2
311.2960,160,8192,READ,MULTIMEDIA,344.0640,mm-3
311.2960,125,8192,READ,MULTIMEDIA,344.0640,mm-4
311.2960,265,8192,READ,MULTIMEDIA,344.0640,mm-5
311.2960,249,8192,READ,MULTIMEDIA,344.0640,mm-6
311.2960,459,8192,READ,MULTIMEDIA,344.0640,mm-7
311.2960,443,8192,READ,MULTIMEDIA,344.0640,mm-8
311.2960,499,8192,READ,MULTIMEDIA,344.0640,mm-9
311.2960,446,8192,READ,MULTIMEDIA,344.0640,mm-10
311.2960,399,8192,READ,MULTIMEDIA,344.0640,mm-11
311.2960,112,8192,READ,MULTIMEDIA,344.0640,mm-12
311.2960,260,8192,READ,MULTIMEDIA,344.0640,mm-13
311.2960,149,8192,READ,MULTIMEDIA,344.0640,mm-14
311.2960,261,8192,READ,MULTIMEDIA,344.0640,mm-15
311.2960,142,8192,READ,MULTIMEDIA,344.0640,mm-16
311.2960,294,8192,READ,MULTIMEDIA,344.0640,mm-17
311.2960,377,8192,READ,MULTIMEDIA,344.0640,mm-18
311.2960,461,8192,READ,MULTIMEDIA,344.0640,mm-19
327.6800,236,8192,READ,MULTIMEDIA,360.4480,mm-0
327.6800,348,8192,READ,MULTIMEDIA,360.4480,mm-1
327.6800,488,8192,READ,MULTIMEDIA,360.4480,mm-2
327.6800,161,8192,READ,MULTIMEDIA,360.4480,mm-3
327.6800,126,8192,READ,MULTIMEDIA,360.4480,mm-4
327.6800,266,8192,READ,MULTIMEDIA,360.4480,mm-5
327.6800,250,8192,READ,MULTIMEDIA,360.4480,mm-6
327.6800,460,8192,READ,MULTIMEDIA,360.4480,mm-7
327.6800,444,8192,READ,MULTIMEDIA,360.4480,mm-8
327.6800,181,8192,READ,MULTIMEDIA,360.4480,mm-9
327.6800,447,8192,READ,MULTIMEDIA,360.4480,mm-10
327.6800,400,8192,READ,MULTIMEDIA,360.4480,mm-11
327.6800,113,8192,READ,MULTIMEDIA,360.4480,mm-12
327.6800,261,8192,READ,MULTIMEDIA,360.4480,mm-13
327.6800,150,8192,READ,MULTIMEDIA,360.4480,mm-14
327.6800,262,8192,READ,MULTIMEDIA,360.4480,mm-15
327.6800,143,8192,READ,MULTIMEDIA,360.4480,mm-16
327.6800,295,8192,READ,MULTIMEDIA,360.4480,mm-17
327.6800,378,8192,READ,MULTIMEDIA,360.4480,mm-18
327.6800,462,8192,READ,MULTIMEDIA,360.4480,mm-19
344.0640,237,8192,READ,MULTIMEDIA,376.8320,mm-0
344.0640,349,8192,READ,MULTIMEDIA,376.8320,mm-1
344.0640,489,8192,READ,MULTIMEDIA,376.8320,mm-2
344.0640,162,8192,READ,MULTIMEDIA,376.8320,mm-3
344.0640,127,8192,READ,MULTIMEDIA,376.8320,mm-4
344.0640,267,8192,READ,MULTIMEDIA,376.8320,mm-5
344.0640,251,8192,READ,MULTIMEDIA,376.8320,mm-6
344.0640,461,8192,READ,MULTIMEDIA,376.8320,mm-7
344.0640,445,8192,READ,MULTIMEDIA,376.8320,mm-8
344.0640,182,8192,READ,MULTIMEDIA,376.8320,mm-9
344.0640,448,8192,READ,MULTIMEDIA,376.8320,mm-10
344.0640,401,8192,READ,MULTIMEDIA,376.8320,mm-11
344.0640,114,8192,READ,MULTIMEDIA,376.8320,mm-12
344.0640,262,8192,READ,MULTIMEDIA,376.8320,mm-13
344.0640,151,8192,READ,MULTIMEDIA,376.8320,mm-14
344.0640,263,8192,READ,MULTIMEDIA,376.8320,mm-15
344.0640,144,8192,READ,MULTIMEDIA,376.8320,mm-16
344.0640,296,8192,READ,MULTIMEDIA,376.8320,mm-17
344.0640,361,8192,READ,MULTIMEDIA,376.8320,mm-18
344.0640,463,8192,READ,MULTIMEDIA,376.8320,mm-19
360.4480,238,8192,READ,MULTIMEDIA,393.2160,mm-0
360.4480,350,8192,READ,MULTIMEDIA,393.2160,mm-1
360.4480,320,8192,READ,MULTIMEDIA,393.2160,mm-2
360.4480,163,8192,READ,MULTIMEDIA,393.2160,mm-3
360.4480,128,8192,READ,MULTIMEDIA,393.2160,mm-4
360.4480,268,8192,READ,MULTIMEDIA,393.2160,mm-5
360.4480,252,8192,READ,MULTIMEDIA,393.2160,mm-6
360.4480,462,8192,READ,MULTIMEDIA,393.2160,mm-7
360.4480,446,8192,READ,MULTIMEDIA,393.2160,mm-8
360.4480,183,8192,READ,MULTIMEDIA,393.2160,mm-9
360.4480,449,8192,READ,MULTIMEDIA,393.2160,mm-10
360.4480,20,8192,READ,MULTIMEDIA,393.2160,mm-11
360.4480,115,8192,READ,MULTIMEDIA,393.2160,mm-12
360.4480,263,8192,READ,MULTIMEDIA,393.2160,mm-13
360.4480,152,8192,READ,MULTIMEDIA,393.2160,mm-14
360.4480,264,8192,READ,MULTIMEDIA,393.2160,mm-15
360.4480,145,8192,READ,MULTIMEDIA,393.2160,mm-16
360.4480,297,8192,READ,MULTIMEDIA,393.2160,mm-17
360.4480,340,8192,READ,MULTIMEDIA,393.2160,mm-18
360.4480,464,8192,READ,MULTIMEDIA,393.2160,mm-19
366.8335,166,11167,READ,OLTP,,
376.8320,239,8192,READ,MULTIMEDIA,409.6000,mm-0
376.8320,180,8192,READ,MULTIMEDIA,409.6000,mm-1
376.8320,321,8192,READ,MULTIMEDIA,409.6000,mm-2
376.8320,164,8192,READ,MULTIMEDIA,409.6000,mm-3
376.8320,129,8192,READ,MULTIMEDIA,409.6000,mm-4
376.8320,269,8192,READ,MULTIMEDIA,409.6000,mm-5
376.8320,253,8192,READ,MULTIMEDIA,409.6000,mm-6
376.8320,463,8192,READ,MULTIMEDIA,409.6000,mm-7
376.8320,447,8192,READ,MULTIMEDIA,409.6000,mm-8
376.8320,193,8192,READ,MULTIMEDIA,409.6000,mm-9
376.8320,450,8192,READ,MULTIMEDIA,409.6000,mm-10
376.8320,21,8192,READ,MULTIMEDIA,409.6000,mm-11
376.8320,116,8192,READ,MULTIMEDIA,409.6000,mm-12
376.8320,264,8192,READ,MULTIMEDIA,409.6000,mm-13
376.8320,289,8192,READ,MULTIMEDIA,409.6000,mm-14
376.8320,265,8192,READ,MULTIMEDIA,409.6000,mm-15
376.8320,146,8192,READ,MULTIMEDIA,409.6000,mm-16
376.8320,298,8192,READ,MULTIMEDIA,409.6000,mm-17
376.8320,341,8192,READ,MULTIMEDIA,409.6000,mm-18
376.8320,465,8192,READ,MULTIMEDIA,409.6000,mm-19
383.1983,169,14742,READ,OLTP,,
392.2184,186,4955,READ,OLTP,,
393.2160,107,8192,READ,MULTIMEDIA,425.9840,mm-0
393.2160,181,8192,READ,MULTIMEDIA,425.9840,mm-1
393.2160,322,8192,READ,MULTIMEDIA,425.9840,mm-2
393.2160,165,8192,READ,MULTIMEDIA,425.9840,mm-3
393.2160,130,8192,READ,MULTIMEDIA,425.9840,mm-4
393.2160,270,8192,READ,MULTIMEDIA,425.9840,mm-5
393.2160,254,8192,READ,MULTIMEDIA,425.9840,mm-6
393.2160,464,8192,READ,MULTIMEDIA,425.9840,mm-7
393.2160,187,8192,READ,MULTIMEDIA,425.9840,mm-8
393.2160,194,8192,READ,MULTIMEDIA,425.9840,mm-9
393.2160,451,8192,READ,MULTIMEDIA,425.9840,mm-10
393.2160,22,8192,READ,MULTIMEDIA,425.9840,mm-11
393.2160,117,8192,READ,MULTIMEDIA,425.9840,mm-12
393.2160,265,8192,READ,MULTIMEDIA,425.9840,mm-13
393.2160,290,8192,READ,MULTIMEDIA,425.9840,mm-14
393.2160,266,8192,READ,MULTIMEDIA,425.9840,mm-15
393.2160,147,8192,READ,MULTIMEDIA,425.9840,mm-16
393.2160,334,8192,READ,MULTIMEDIA,425.9840,mm-17
393.2160,342,8192,READ,MULTIMEDIA,425.9840,mm-18
393.2160,466,8192,READ,MULTIMEDIA,425.9840,mm-19
403.1451,169,10390,READ,OLTP,,
408.6268,290,10097,WRITE,OLTP,,
409.6000,108,8192,READ,MULTIMEDIA,442.3680,mm-0
409.6000,182,8192,READ,MULTIMEDIA,442.3680,mm-1
409.6000,323,8192,READ,MULTIMEDIA,442.3680,mm-2
409.6000,166,8192,READ,MULTIMEDIA,442.3680,mm-3
409.6000,407,8192,READ,MULTIMEDIA,442.3680,mm-4
409.6000,271,8192,READ,MULTIMEDIA,442.3680,mm-5
409.6000,255,8192,READ,MULTIMEDIA,442.3680,mm-6
409.6000,465,8192,READ,MULTIMEDIA,442.3680,mm-7
409.6000,188,8192,READ,MULTIMEDIA,442.3680,mm-8
409.6000,195,8192,READ,MULTIMEDIA,442.3680,mm-9
409.6000,452,8192,READ,MULTIMEDIA,442.3680,mm-10
409.6000,23,8192,READ,MULTIMEDIA,442.3680,mm-11
409.6000,118,8192,READ,MULTIMEDIA,442.3680,mm-12
409.6000,266,8192,READ,MULTIMEDIA,442.3680,mm-13
409.6000,291,8192,READ,MULTIMEDIA,442.3680,mm-14
409.6000,267,8192,READ,MULTIMEDIA,442.3680,mm-15
409.6000,148,8192,READ,MULTIMEDIA,442.3680,mm-16
409.6000,72,8192,READ,MULTIMEDIA,442.3680,mm-17
409.6000,343,8192,READ,MULTIMEDIA,442.3680,mm-18
409.6000,467,8192,READ,MULTIMEDIA,442.3680,mm-19
416.3850,168,7907,READ,OLTP,,
425.9840,109,8192,READ,MULTIMEDIA,458.7520,mm-0
425.9840,183,8192,READ,MULTIMEDIA,458.7520,mm-1
425.9840,324,8192,READ,MULTIMEDIA,458.7520,mm-2
425.9840,167,8192,READ,MULTIMEDIA,458.7520,mm-3
425.9840,408,8192,READ,MULTIMEDIA,458.7520,mm-4
425.9840,272,8192,READ,MULTIMEDIA,458.7520,mm-5
425.9840,256,8192,READ,MULTIMEDIA,458.7520,mm-6
425.9840,466,8192,READ,MULTIMEDIA,458.7520,mm-7
425.9840,189,8192,READ,MULTIMEDIA,458.7520,mm-8
425.9840,196,8192,READ,MULTIMEDIA,458.7520,mm-9
425.9840,303,8192,READ,MULTIMEDIA,458.7520,mm-10
425.9840,24,8192,READ,MULTIMEDIA,458.7520,mm-11
425.9840,119,8192,READ,MULTIMEDIA,458.7520,mm-12
425.9840,267,8192,READ,MULTIMEDIA,458.7520,mm-13
425.9840,292,8192,READ,MULTIMEDIA,458.7520,mm-14
425.9840,268,8192,READ,MULTIMEDIA,458.7520,mm-15
425.9840,149,8192,READ,MULTIMEDIA,458.7520,mm-16
425.9840,73,8192,READ,MULTIMEDIA,458.7520,mm-17
425.9840,344,8192,READ,MULTIMEDIA,458.7520,mm-18
425.9840,468,8192,READ,MULTIMEDIA,458.7520,mm-19
442.3680,110,8192,READ,MULTIMEDIA,475.1360,mm-0
442.3680,184,8192,READ,MULTIMEDIA,475.1360,mm-1
442.3680,325,8192,READ,MULTIMEDIA,475.1360,mm-2
442.3680,168,8192,READ,MULTIMEDIA,475.1360,mm-3
442.3680,409,8192,READ,MULTIMEDIA,475.1360,mm-4
442.3680,273,8192,READ,MULTIMEDIA,475.1360,mm-5
442.3680,257,8192,READ,MULTIMEDIA,475.1360,mm-6
442.3680,467,8192,READ,MULTIMEDIA,475.1360,mm-7
442.3680,190,8192,READ,MULTIMEDIA,475.1360,mm-8
442.3680,128,8192,READ,MULTIMEDIA,475.1360,mm-9
442.3680,304,8192,READ,MULTIMEDIA,475.1360,mm-10
442.3680,25,8192,READ,MULTIMEDIA,475.1360,mm-11
442.3680,120,8192,READ,MULTIMEDIA,475.1360,mm-12
442.3680,268,8192,READ,MULTIMEDIA,475.1360,mm-13
442.3680,293,8192,READ,MULTIMEDIA,475.1360,mm-14
442.3680,269,8192,READ,MULTIMEDIA,475.1360,mm-15
442.3680,150,8192,READ,MULTIMEDIA,475.1360,mm-16
442.3680,74,8192,READ,MULTIMEDIA,475.1360,mm-17
442.3680,345,8192,READ,MULTIMEDIA,475.1360,mm-18
442.3680,146,8192,READ,MULTIMEDIA,475.1360,mm-19
458.7520,111,8192,READ,MULTIMEDIA,491.5200,mm-0
458.7520,185,8192,READ,MULTIMEDIA,491.5200,mm-1
458.7520,326,8192,READ,MULTIMEDIA,491.5200,mm-2
458.7520,2,8192,READ,MULTIMEDIA,491.5200,mm-3
458.7520,410,8192,READ,MULTIMEDIA,491.5200,mm-4
458.7520,274,8192,READ,MULTIMEDIA,491.5200,mm-5
458.7520,258,8192,READ,MULTIMEDIA,491.5200,mm-6
458.7520,468,8192,READ,MULTIMEDIA,491.5200,mm-7
458.7520,191,8192,READ,MULTIMEDIA,491.5200,mm-8
458.7520,129,8192,READ,MULTIMEDIA,491.5200,mm-9
458.7520,305,8192,READ,MULTIMEDIA,491.5200,mm-10
458.7520,26,8192,READ,MULTIMEDIA,491.5200,mm-11
458.7520,216,8192,READ,MULTIMEDIA,491.5200,mm-12
458.7520,269,8192,READ,MULTIMEDIA,491.5200,mm-13
458.7520,140,8192,READ,MULTIMEDIA,491.5200,mm-14
458.7520,270,8192,READ,MULTIMEDIA,491.5200,mm-15
458.7520,151,8192,READ,MULTIMEDIA,491.5200,mm-16
458.7520,75,8192,READ,MULTIMEDIA,491.5200,mm-17
458.7520,346,8192,READ,MULTIMEDIA,491.5200,mm-18
458.7520,147,8192,READ,MULTIMEDIA,491.5200,mm-19
475.1360,112,8192,READ,MULTIMEDIA,507.9040,mm-0
475.1360,186,8192,READ,MULTIMEDIA,507.9040,mm-1
475.1360,327,8192,READ,MULTIMEDIA,507.9040,mm-2
475.1360,3,8192,READ,MULTIMEDIA,507.9040,mm-3
475.1360,411,8192,READ,MULTIMEDIA,507.9040,mm-4
475.1360,428,8192,READ,MULTIMEDIA,507.9040,mm-5
475.1360,259,8192,READ,MULTIMEDIA,507.9040,mm-6
475.1360,469,8192,READ,MULTIMEDIA,507.9040,mm-7
475.1360,192,8192,READ,MULTIMEDIA,507.9040,mm-8
475.1360,61,8192,READ,MULTIMEDIA,507.9040,mm-9
475.1360,306,8192,READ,MULTIMEDIA,507.9040,mm-10
475.1360,27,8192,READ,MULTIMEDIA,507.9040,mm-11
475.1360,217,8192,READ,MULTIMEDIA,507.9040,mm-12
475.1360,270,8192,READ,MULTIMEDIA,507.9040,mm-13
475.1360,141,8192,READ,MULTIMEDIA,507.9040,mm-14
475.1360,271,8192,READ,MULTIMEDIA,507.9040,mm-15
475.1360,152,8192,READ,MULTIMEDIA,507.9040,mm-16
475.1360,57,8192,READ,MULTIMEDIA,507.9040,mm-17
475.1360,347,8192,READ,MULTIMEDIA,507.9040,mm-18
475.1360,148,8192,READ,MULTIMEDIA,507.9040,mm-19
478.8560,168,8314,WRITE,OLTP,,
488.7759,170,6191,READ,OLTP,,
512.1743,455,6547,WRITE,OLTP,,
517.2068,180,7762,READ,OLTP,,
530.6719,186,5311,WRITE,OLTP,,
566.1705,167,6423,READ,OLTP,,
587.3022,171,16084,WRITE,OLTP,,
587.3412,55,12256,READ,OLTP,,
598.3678,166,15548,READ,OLTP,,
606.7211,168,13232,READ,OLTP,,
629.1769,180,5319,READ,OLTP,,
635.9782,118,11429,READ,OLTP,,
650.9398,166,14423,WRITE,OLTP,,
696.4550,168,12840,READ,OLTP,,
709.4641,184,7263,READ,OLTP,,
717.7823,183,13291,READ,OLTP,,
765.9549,288,8246,READ,OLTP,,
777.3797,169,11143,READ,OLTP,,
782.1080,186,7948,READ,OLTP,,
812.4911,165,6414,WRITE,OLTP,,
817.8094,166,11906,READ,OLTP,,
820.6490,180,11965,READ,OLTP,,
835.4890,184,4912,WRITE,OLTP,,
854.2166,169,4391,READ,OLTP,,
870.9321,171,14274,WRITE,OLTP,,
891.2788,51,9950,WRITE,OLTP,,
907.0117,166,11983,READ,OLTP,,
929.6050,289,6072,READ,OLTP,,
995.8820,167,7250,READ,OLTP,,
1012.0748,171,12661,WRITE,OLTP,,
1022.3865,167,10409,WRITE,OLTP,,
1036.7721,291,12303,WRITE,OLTP,,
1037.8520,169,7404,READ,OLTP,,
1048.4238,165,8167,READ,OLTP,,
1070.4105,182,8683,WRITE,OLTP,,
1083.7790,167,11279,READ,OLTP,,
1109.3652,170,6268,READ,OLTP,,
1128.3882,170,12838,READ,OLTP,,
1139.9172,290,14546,WRITE,OLTP,,
1152.9609,171,10377,READ,OLTP,,
1160.8028,168,13245,WRITE,OLTP,,
1178.7197,169,7225,READ,OLTP,,
1187.4072,169,10534,WRITE,OLTP,,
1189.5703,171,5483,WRITE,OLTP,,
1222.6236,166,15994,READ,OLTP,,
1263.4294,185,14803,READ,OLTP,,
1307.3030,169,10095,READ,OLTP,,
1308.4201,186,5177,WRITE,OLTP,,
1342.7139,166,5672,READ,OLTP,,
1363.0318,455,6535,READ,OLTP,,
1366.5182,142,12903,READ,OLTP,,
1374.3636,115,13681,READ,OLTP,,
1382.9362,166,13277,READ,OLTP,,
1384.5291,182,4707,READ,OLTP,,
1396.2276,138,13105,READ,OLTP,,
1404.4775,280,5857,READ,OLTP,,
1412.7941,287,9246,READ,OLTP,,
1431.4840,167,8663,READ,OLTP,,
1434.7211,165,12577,READ,OLTP,,
1439.3119,446,5952,READ,OLTP,,
1445.3407,168,11323,READ,OLTP,,
1453.9436,171,4597,READ,OLTP,,
1492.7853,169,10163,WRITE,OLTP,,
1510.7410,169,13622,READ,OLTP,,
1514.1192,171,7226,READ,OLTP,,
1535.1331,171,6221,READ,OLTP,,
1559.4978,166,13236,WRITE,OLTP,,
1690.0802,165,15324,READ,OLTP,,
1692.0406,171,4631,WRITE,OLTP,,
1717.0644,169,4701,READ,OLTP,,
1733.2641,169,12933,READ,OLTP,,
1814.2401,168,7458,READ,OLTP,,
1814.2750,446,15177,READ,OLTP,,
1858.2794,171,11112,READ,OLTP,,
1864.0338,184,5048,WRITE,OLTP,,
1887.5939,165,5321,WRITE,OLTP,,
1901.0144,166,13228,WRITE,OLTP,,
1916.3772,169,9975,WRITE,OLTP,,
1920.8847,168,14147,READ,OLTP,,
1922.6068,183,10079,READ,OLTP,,
1927.4628,171,12834,READ,OLTP,,
1928.2541,165,11470,WRITE,OLTP,,
1953.7290,171,7194,WRITE,OLTP,,
1959.3050,58,15476,WRITE,OLTP,,
1978.5121,171,9568,READ,OLTP,,
1993.0316,167,9116,READ,OLTP,,
1998.5506,169,14280,READ,OLTP,,
2005.7042,167,15264,WRITE,OLTP,,
2007.4710,168,7853,READ,OLTP,,
2029.8940,112,6778,WRITE,OLTP,,
2040.9644,55,4769,WRITE,OLTP,,
2044.8283,170,12128,READ,OLTP,,
2050.5778,169,11133,READ,OLTP,,
2058.6473,166,9362,WRITE,OLTP,,
2070.9492,168,10084,READ,OLTP,,
2082.3444,171,13631,WRITE,OLTP,,
2131.3247,171,8321,READ,OLTP,,
2135.2413,287,10494,READ,OLTP,,
2153.8231,165,13667,READ,OLTP,,
2167.2204,171,14587,READ,OLTP,,
2174.2672,288,13282,WRITE,OLTP,,
2199.2033,171,5998,WRITE,OLTP,,
2232.6707,171,7603,WRITE,OLTP,,
2281.0364,168,7342,WRITE,OLTP,,
2287.6678,170,10923,READ,OLTP,,
2329.6361,171,10787,WRITE,OLTP,,
2338.6691,171,13907,WRITE,OLTP,,
2340.0439,446,11896,WRITE,OLTP,,
2378.5217,170,11820,READ,OLTP,,
2409.9125,165,8754,READ,OLTP,,
2415.2374,167,9745,READ,OLTP,,
2431.0858,170,13967,READ,OLTP,,
2431.9999,168,4428,READ,OLTP,,
2444.0056,168,8746,READ,OLTP,,
2469.6903,448,12682,READ,OLTP,,
2543.2837,170,15569,READ,OLTP,,
2544.1103,166,4482,READ,OLTP,,
2579.3923,168,15535,READ,OLTP,,
2602.3851,456,9108,WRITE,OLTP,,
2603.6303,171,4620,WRITE,OLTP,,
2624.3897,450,5315,READ,OLTP,,
2636.2775,182,11977,WRITE,OLTP,,
2644.4193,169,11468,WRITE,OLTP,,
2684.3851,57,14669,WRITE,OLTP,,
2705.8864,452,16372,WRITE,OLTP,,
2737.4823,170,4716,READ,OLTP,,
2862.6152,166,12578,READ,OLTP,,
2909.2036,294,13169,READ,OLTP,,
2956.1611,169,11029,READ,OLTP,,
3017.1721,167,11257,READ,OLTP,,
3055.0129,166,11102,READ,OLTP,,
3059.1481,166,10452,READ,OLTP,,
3073.8303,171,4611,READ,OLTP,,
3087.8602,60,7459,READ,OLTP,,
3102.7674,60,13764,READ,OLTP,,
3133.2241,182,13125,READ,OLTP,,
3151.8900,169,12600,READ,OLTP,,
3165.1470,181,6803,WRITE,OLTP,,
3199.9590,181,5760,READ,OLTP,,
3210.0263,168,6338,WRITE,OLTP,,
3225.4168,170,9566,WRITE,OLTP,,
3241.4241,182,8395,READ,OLTP,,
3258.9736,169,13164,WRITE,OLTP,,
3260.1622,287,16277,WRITE,OLTP,,
3264.9745,170,16026,WRITE,OLTP,,
3266.2776,184,9083,READ,OLTP,,
3309.9451,113,11917,READ,OLTP,,
3324.0736,182,5854,READ,OLTP,,
3347.8939,182,10681,WRITE,OLTP,,
3363.9940,165,9009,READ,OLTP,,
3376.4686,171,6471,WRITE,OLTP,,
3387.7477,167,13503,READ,OLTP,,
3399.7455,170,4101,READ,OLTP,,
3421.9272,447,11766,READ,OLTP,,
3453.1338,453,13082,READ,OLTP,,
3458.6190,166,12919,READ,OLTP,,
3466.8502,170,12775,READ,OLTP,,
3470.3182,283,14248,READ,OLTP,,
3476.3660,171,6214,READ,OLTP,,
3478.1822,165,7671,READ,OLTP,,
3529.0617,167,12531,WRITE,OLTP,,
3600.7007,167,8362,READ,OLTP,,
3609.8768,171,13267,READ,OLTP,,
3632.2604,454,14632,READ,OLTP,,
3633.3566,186,14082,READ,OLTP,,
3649.8232,171,8793,READ,OLTP,,
3696.3860,451,10769,READ,OLTP,,
3700.1572,165,10393,READ,OLTP,,
3702.1805,168,11218,READ,OLTP,,
3717.7049,452,14334,READ,OLTP,,
3745.1198,449,15753,READ,OLTP,,
3747.7513,167,11829,READ,OLTP,,
3757.9517,182,8259,READ,OLTP,,
3759.6431,451,15317,READ,OLTP,,
3845.0814,180,4454,READ,OLTP,,
3847.6337,168,4276,READ,OLTP,,
3850.8696,62,1048576,READ,OLAP,,
3851.3696,63,1048576,READ,OLAP,,
3851.8696,64,1048576,READ,OLAP,,
3852.3696,65,1048576,READ,OLAP,,
3852.8696,66,1048576,READ,OLAP,,
3853.3696,67,1048576,READ,OLAP,,
3853.8696,68,1048576,READ,OLAP,,
3854.3696,69,1048576,READ,OLAP,,
3854.6009,171,9842,READ,OLTP,,
3854.8696,70,1048576,READ,OLAP,,
3855.3696,71,1048576,READ,OLAP,,
3855.8696,72,1048576,READ,OLAP,,
3856.3696,73,1048576,READ,OLAP,,
3856.8696,74,1048576,READ,OLAP,,
3856.9699,86,1048576,READ,OLAP,,
3857.3696,75,1048576,READ,OLAP,,
3857.4699,87,1048576,READ,OLAP,,
3857.7581,171,11711,WRITE,OLTP,,
3857.8696,76,1048576,READ,OLAP,,
3857.9699,88,1048576,READ,OLAP,,
3858.3696,77,1048576,READ,OLAP,,
3858.4699,89,1048576,READ,OLAP,,
3858.8696,78,1048576,READ,OLAP,,
3858.9699,90,1048576,READ,OLAP,,
3859.3696,79,1048576,READ,OLAP,,
3859.4699,91,1048576,READ,OLAP,,
3859.8696,80,1048576,READ,OLAP,,
3859.9699,92,1048576,READ,OLAP,,
3860.3696,81,1048576,READ,OLAP,,
3860.4699,93,1048576,READ,OLAP,,
3860.8696,82,1048576,READ,OLAP,,
3860.9699,94,1048576,READ,OLAP,,
3861.3696,83,1048576,READ,OLAP,,
3861.4699,95,1048576,READ,OLAP,,
3861.8696,84,1048576,READ,OLAP,,
3861.9699,96,1048576,READ,OLAP,,
3862.3696,85,1048576,READ,OLAP,,
3862.4699,97,1048576,READ,OLAP,,
3862.8696,86,1048576,READ,OLAP,,
3862.9699,98,1048576,READ,OLAP,,
3863.3696,87,1048576,READ,OLAP,,
3863.4699,99,1048576,READ,OLAP,,
3863.8696,88,1048576,READ,OLAP,,
3863.9699,100,1048576,READ,OLAP,,
3864.3696,89,1048576,READ,OLAP,,
3864.4699,101,1048576,READ,OLAP,,
3864.8696,90,1048576,READ,OLAP,,
3864.9699,102,1048576,READ,OLAP,,
3865.3696,91,1048576,READ,OLAP,,
3865.4699,103,1048576,READ,OLAP,,
3865.8696,92,1048576,READ,OLAP,,
3865.9699,104,1048576,READ,OLAP,,
3866.3696,93,1048576,READ,OLAP,,
3866.4699,105,1048576,READ,OLAP,,
3866.8696,94,1048576,READ,OLAP,,
3866.9699,106,1048576,READ,OLAP,,
3867.3696,95,1048576,READ,OLAP,,
3867.4699,107,1048576,READ,OLAP,,
3867.8696,96,1048576,READ,OLAP,,
3867.9699,108,1048576,READ,OLAP,,
3868.3696,97,1048576,READ,OLAP,,
3868.4699,109,1048576,READ,OLAP,,
3868.8696,98,1048576,READ,OLAP,,
3868.9699,110,1048576,READ,OLAP,,
3869.3696,99,1048576,READ,OLAP,,
3869.4699,111,1048576,READ,OLAP,,
3869.8696,100,1048576,READ,OLAP,,
3869.9699,112,1048576,READ,OLAP,,
3870.3696,101,1048576,READ,OLAP,,
3870.4699,113,1048576,READ,OLAP,,
3870.9699,114,1048576,READ,OLAP,,
3871.4699,115,1048576,READ,OLAP,,
3871.9699,116,1048576,READ,OLAP,,
3872.4699,117,1048576,READ,OLAP,,
3872.9699,118,1048576,READ,OLAP,,
3873.4699,119,1048576,READ,OLAP,,
3873.9699,120,1048576,READ,OLAP,,
3874.4699,121,1048576,READ,OLAP,,
3874.9699,122,1048576,READ,OLAP,,
3875.4699,123,1048576,READ,OLAP,,
3875.9699,124,1048576,READ,OLAP,,
3876.4699,125,1048576,READ,OLAP,,
3898.8999,109,1048576,READ,OLAP,,
3899.3999,110,1048576,READ,OLAP,,
3899.8999,111,1048576,READ,OLAP,,
3900.3999,112,1048576,READ,OLAP,,
3900.8999,113,1048576,READ,OLAP,,
3901.3999,114,1048576,READ,OLAP,,
3901.5144,289,11164,READ,OLTP,,
3901.8999,115,1048576,READ,OLAP,,
3902.3999,116,1048576,READ,OLAP,,
3902.8999,117,1048576,READ,OLAP,,
3903.3999,118,1048576,READ,OLAP,,
3903.8999,119,1048576,READ,OLAP,,
3904.3999,120,1048576,READ,OLAP,,
3904.8999,121,1048576,READ,OLAP,,
3905.3999,122,1048576,READ,OLAP,,
3905.8999,123,1048576,READ,OLAP,,
3906.3999,124,1048576,READ,OLAP,,
3906.8999,125,1048576,READ,OLAP,,
3907.3999,126,1048576,READ,OLAP,,
3907.8999,127,1048576,READ,OLAP,,
3908.3999,128,1048576,READ,OLAP,,
3908.8999,129,1048576,READ,OLAP,,
3909.3999,130,1048576,READ,OLAP,,
3909.8999,131,1048576,READ,OLAP,,
3910.3999,132,1048576,READ,OLAP,,
3910.8999,133,1048576,READ,OLAP,,
3911.3999,134,1048576,READ,OLAP,,
3911.8999,135,1048576,READ,OLAP,,
3912.3999,136,1048576,READ,OLAP,,
3912.8999,137,1048576,READ,OLAP,,
3913.3999,138,1048576,READ,OLAP,,
3913.8999,139,1048576,READ,OLAP,,
3914.3999,140,1048576,READ,OLAP,,
3914.8999,141,1048576,READ,OLAP,,
3915.2382,165,10365,WRITE,OLTP,,
3915.3999,142,1048576,READ,OLAP,,
3915.8999,143,1048576,READ,OLAP,,
3916.3999,144,1048576,READ,OLAP,,
3916.8999,145,1048576,READ,OLAP,,
3917.3999,146,1048576,READ,OLAP,,
3917.8999,147,1048576,READ,OLAP,,
3918.3999,148,1048576,READ,OLAP,,
3926.2194,171,11674,READ,OLTP,,
3955.4880,170,9144,READ,OLTP,,
3980.5279,168,13754,WRITE,OLTP,,
3982.8054,113,7735,READ,OLTP,,
3997.2449,168,4503,READ,OLTP,,
4028.0883,171,8722,READ,OLTP,,
4036.9474,169,15063,WRITE,OLTP,,
4048.9443,166,14145,READ,OLTP,,
4050.0272,168,13243,READ,OLTP,,
4050.1040,165,9950,READ,OLTP,,
4051.2724,168,5279,READ,OLTP,,
4055.5256,451,6799,READ,OLTP,,
4056.5179,167,11257,READ,OLTP,,
4076.9859,171,12621,WRITE,OLTP,,
4103.8357,165,9393,READ,OLTP,,
4106.7478,183,14167,READ,OLTP,,
4107.3605,170,10960,READ,OLTP,,
4172.8069,171,9088,READ,OLTP,,
4206.5218,168,7294,READ,OLTP,,
4207.9822,170,5698,READ,OLTP,,
4227.1299,170,6572,READ,OLTP,,
4228.1355,184,13244,READ,OLTP,,
4238.2605,170,15391,READ,OLTP,,
4287.5246,168,12586,READ,OLTP,,
4303.7365,166,9512,READ,OLTP,,
4311.5573,165,12620,WRITE,OLTP,,
4312.0521,166,8847,READ,OLTP,,
4315.9816,169,4271,READ,OLTP,,
4316.3601,171,5740,READ,OLTP,,
4317.4086,170,5567,WRITE,OLTP,,
4322.6708,348,10032,READ,OLTP,,
4323.4767,449,15977,READ,OLTP,,
4326.8022,171,8678,READ,OLTP,,
4364.6567,185,10906,READ,OLTP,,
4380.7201,169,9731,WRITE,OLTP,,
4400.3384,168,7291,READ,OLTP,,
4403.9670,167,15863,WRITE,OLTP,,
4412.0729,166,4706,READ,OLTP,,
4434.8384,185,5052,READ,OLTP,,
4445.2330,171,9941,WRITE,OLTP,,
4485.4597,183,13421,READ,OLTP,,
4488.2636,165,8078,WRITE,OLTP,,
4492.0795,143,9901,WRITE,OLTP,,
4497.9093,215,1048576,READ,OLAP,,
4498.4093,216,1048576,READ,OLAP,,
4498.9093,217,1048576,READ,OLAP,,
4499.4093,218,1048576,READ,OLAP,,
4499.9093,219,1048576,READ,OLAP,,
4500.4093,220,1048576,READ,OLAP,,
4500.9093,221,1048576,READ,OLAP,,
4501.4093,222,1048576,READ,OLAP,,
4501.9093,223,1048576,READ,OLAP,,
4502.4093,224,1048576,READ,OLAP,,
4502.9093,225,1048576,READ,OLAP,,
4503.4093,226,1048576,READ,OLAP,,
4503.4172,166,6007,READ,OLTP,,
4503.9093,227,1048576,READ,OLAP,,
4504.4093,228,1048576,READ,OLAP,,
4504.9093,229,1048576,READ,OLAP,,
4505.4093,230,1048576,READ,OLAP,,
4505.9093,231,1048576,READ,OLAP,,
4506.4093,232,1048576,READ,OLAP,,
4506.9093,233,1048576,READ,OLAP,,
4507.4093,234,1048576,READ,OLAP,,
4507.9093,235,1048576,READ,OLAP,,
4508.4093,236,1048576,READ,OLAP,,
4508.9093,237,1048576,READ,OLAP,,
4509.4093,238,1048576,READ,OLAP,,
4509.9093,239,1048576,READ,OLAP,,
4510.4093,240,1048576,READ,OLAP,,
4510.9093,241,1048576,READ,OLAP,,
4511.4093,242,1048576,READ,OLAP,,
4511.9093,243,1048576,READ,OLAP,,
4512.4093,244,1048576,READ,OLAP,,
4512.9093,245,1048576,READ,OLAP,,
4513.4093,246,1048576,READ,OLAP,,
4513.9093,247,1048576,READ,OLAP,,
4514.4093,248,1048576,READ,OLAP,,
4514.9093,249,1048576,READ,OLAP,,
4515.4093,250,1048576,READ,OLAP,,
4515.9093,251,1048576,READ,OLAP,,
4516.4093,252,1048576,READ,OLAP,,
4516.9093,253,1048576,READ,OLAP,,
4517.4093,254,1048576,READ,OLAP,,
4547.7084,168,8879,READ,OLTP,,
4563.6484,166,11932,READ,OLTP,,
4563.7128,169,13830,READ,OLTP,,
4564.6971,166,1048576,READ,OLAP,,
4565.1971,167,1048576,READ,OLAP,,
4565.6971,168,1048576,READ,OLAP,,
4566.1971,169,1048576,READ,OLAP,,
4566.6971,170,1048576,READ,OLAP,,
4567.1971,171,1048576,READ,OLAP,,
4567.6971,172,1048576,READ,OLAP,,
4568.1971,173,1048576,READ,OLAP,,
4568.6971,174,1048576,READ,OLAP,,
4569.1971,175,1048576,READ,OLAP,,
4569.6971,176,1048576,READ,OLAP,,
4570.1971,177,1048576,READ,OLAP,,
4570.6971,178,1048576,READ,OLAP,,
4571.1971,179,1048576,READ,OLAP,,
4571.6971,180,1048576,READ,OLAP,,
4572.1971,181,1048576,READ,OLAP,,
4572.6971,182,1048576,READ,OLAP,,
4573.1971,183,1048576,READ,OLAP,,
4573.6971,184,1048576,READ,OLAP,,
4574.1971,185,1048576,READ,OLAP,,
4574.6971,186,1048576,READ,OLAP,,
4575.1971,187,1048576,READ,OLAP,,
4575.6971,188,1048576,READ,OLAP,,
4576.1971,189,1048576,READ,OLAP,,
4576.6971,190,1048576,READ,OLAP,,
4577.1971,191,1048576,READ,OLAP,,
4577.6971,192,1048576,READ,OLAP,,
4578.1971,193,1048576,READ,OLAP,,
4578.6971,194,1048576,READ,OLAP,,
4579.1971,195,1048576,READ,OLAP,,
4579.6971,196,1048576,READ,OLAP,,
4580.1971,197,1048576,READ,OLAP,,
4580.6971,198,1048576,READ,OLAP,,
4581.1971,199,1048576,READ,OLAP,,
4581.6971,200,1048576,READ,OLAP,,
4582.1971,201,1048576,READ,OLAP,,
4582.6971,202,1048576,READ,OLAP,,
4583.1971,203,1048576,READ,OLAP,,
4583.6971,204,1048576,READ,OLAP,,
4584.1971,205,1048576,READ,OLAP,,
4588.1884,169,6305,WRITE,OLTP,,
4590.3066,165,6175,READ,OLTP,,
4593.7086,168,15738,READ,OLTP,,
4636.7676,49,12942,READ,OLTP,,
4637.7431,342,1048576,READ,OLAP,,
4638.2431,343,1048576,READ,OLAP,,
4638.7431,344,1048576,READ,OLAP,,
4639.2431,345,1048576,READ,OLAP,,
4639.7431,346,1048576,READ,OLAP,,
4640.2431,347,1048576,READ,OLAP,,
4640.7431,348,1048576,READ,OLAP,,
4641.2431,349,1048576,READ,OLAP,,
4641.7431,350,1048576,READ,OLAP,,
4642.2431,351,1048576,READ,OLAP,,
4642.7431,352,1048576,READ,OLAP,,
4643.2431,353,1048576,READ,OLAP,,
4643.7431,354,1048576,READ,OLAP,,
4644.2431,355,1048576,READ,OLAP,,
4644.7431,356,1048576,READ,OLAP,,
4645.2431,357,1048576,READ,OLAP,,
4645.7431,358,1048576,READ,OLAP,,
4646.2431,359,1048576,READ,OLAP,,
4646.7431,360,1048576,READ,OLAP,,
4647.2431,361,1048576,READ,OLAP,,
4647.7431,362,1048576,READ,OLAP,,
4648.2431,363,1048576,READ,OLAP,,
4648.7431,364,1048576,READ,OLAP,,
4649.2431,365,1048576,READ,OLAP,,
4649.7431,366,1048576,READ,OLAP,,
4650.2431,367,1048576,READ,OLAP,,
4650.4524,169,6948,READ,OLTP,,
4650.7431,368,1048576,READ,OLAP,,
4651.2431,369,1048576,READ,OLAP,,
4651.7431,370,1048576,READ,OLAP,,
4652.2431,371,1048576,READ,OLAP,,
4652.7431,372,1048576,READ,OLAP,,
4653.2431,373,1048576,READ,OLAP,,
4653.7431,374,1048576,READ,OLAP,,
4654.2431,375,1048576,READ,OLAP,,
4654.7431,376,1048576,READ,OLAP,,
4655.2431,377,1048576,READ,OLAP,,
4655.7431,378,1048576,READ,OLAP,,
4656.2431,379,1048576,READ,OLAP,,
4656.7431,380,1048576,READ,OLAP,,
4657.2431,381,1048576,READ,OLAP,,
4684.6587,450,13962,WRITE,OLTP,,
4686.7741,168,15019,READ,OLTP,,
4696.0718,170,4571,READ,OLTP,,
4696.7575,169,8458,READ,OLTP,,
4709.0482,167,7673,READ,OLTP,,
4730.3403,165,7689,WRITE,OLTP,,
4736.4506,169,9864,WRITE,OLTP,,
4794.5150,167,13416,WRITE,OLTP,,
4799.8709,169,11795,READ,OLTP,,
4811.4904,168,10309,READ,OLTP,,
4832.5177,171,10432,READ,OLTP,,
4833.0206,169,5820,READ,OLTP,,
4838.0788,182,5883,WRITE,OLTP,,
4848.3148,168,14423,READ,OLTP,,
4864.1364,169,11103,WRITE,OLTP,,
4923.2604,165,10860,READ,OLTP,,
4976.2758,165,11129,WRITE,OLTP,,
4994.6515,449,11085,READ,OLTP,,
4999.1534,169,8199,READ,OLTP,,
5009.0937,168,8739,READ,OLTP,,
5015.7878,171,15143,WRITE,OLTP,,
5026.2244,171,14238,READ,OLTP,,
5026.4267,450,14108,READ,OLTP,,
5030.3428,290,11648,READ,OLTP,,
5062.2051,138,16334,WRITE,OLTP,,
5096.9246,169,5000,READ,OLTP,,
5098.1582,353,8702,READ,OLTP,,
5117.6606,165,14970,READ,OLTP,,
5122.6652,169,7525,WRITE,OLTP,,
5151.8549,169,11052,WRITE,OLTP,,
5192.9235,170,16200,READ,OLTP,,
5219.4251,165,7445,READ,OLTP,,
5226.3670,167,14679,WRITE,OLTP,,
5227.4485,169,4603,WRITE,OLTP,,
5244.9125,186,14854,READ,OLTP,,
5277.1940,169,4609,WRITE,OLTP,,
5286.4763,165,11604,WRITE,OLTP,,
5330.2279,169,5599,READ,OLTP,,
5375.4262,171,4421,READ,OLTP,,
5381.6815,168,7254,READ,OLTP,,
5437.6289,171,14217,WRITE,OLTP,,
5437.8090,48,10585,READ,OLTP,,
5460.1092,115,16255,READ,OLTP,,
5468.4381,165,6869,READ,OLTP,,
5471.1754,169,4672,READ,OLTP,,
5492.8303,166,13784,READ,OLTP,,
5538.1451,168,15229,READ,OLTP,,
5541.3086,170,10566,READ,OLTP,,
5557.6648,171,14551,WRITE,OLTP,,
5578.9059,171,9360,READ,OLTP,,
5579.0616,166,11620,READ,OLTP,,
5586.4675,167,9370,WRITE,OLTP,,
5589.2902,449,15646,WRITE,OLTP,,
5637.6826,58,7052,READ,OLTP,,
5651.5087,449,4527,WRITE,OLTP,,
5653.6511,166,10707,READ,OLTP,,
5662.3917,171,4662,WRITE,OLTP,,
5723.4024,166,6957,WRITE,OLTP,,
5735.6234,166,14017,READ,OLTP,,
5753.6231,170,8066,READ,OLTP,,
5810.1856,165,11449,WRITE,OLTP,,
5828.0534,170,10368,READ,OLTP,,
5843.9530,169,4683,WRITE,OLTP,,
5865.6568,169,11898,READ,OLTP,,
5880.8770,183,5880,WRITE,OLTP,,
5933.1599,171,8123,READ,OLTP,,
5945.9327,169,5366,WRITE,OLTP,,
5995.7015,178,12958,READ,OLTP,,
6019.0344,167,12836,WRITE,OLTP,,
6029.8375,171,8491,READ,OLTP,,
6077.7005,167,15366,READ,OLTP,,
6078.9069,165,15342,READ,OLTP,,
6109.9256,166,15317,READ,OLTP,,
6131.8333,165,5926,READ,OLTP,,
6143.8436,171,15425,READ,OLTP,,
6144.2910,165,11196,READ,OLTP,,
6165.1070,167,13527,READ,OLTP,,
6187.0365,166,8455,WRITE,OLTP,,
6188.5125,264,1048576,READ,OLAP,,
6189.0125,265,1048576,READ,OLAP,,
6189.5125,266,1048576,READ,OLAP,,
6190.0125,267,1048576,READ,OLAP,,
6190.5125,268,1048576,READ,OLAP,,
6191.0125,269,1048576,READ,OLAP,,
6191.5125,270,1048576,READ,OLAP,,
6192.0125,271,1048576,READ,OLAP,,
6192.5125,272,1048576,READ,OLAP,,
6193.0125,273,1048576,READ,OLAP,,
6193.5125,274,1048576,READ,OLAP,,
6194.0125,275,1048576,READ,OLAP,,
6194.5125,276,1048576,READ,OLAP,,
6195.0125,277,1048576,READ,OLAP,,
6195.5125,278,1048576,READ,OLAP,,
6196.0125,279,1048576,READ,OLAP,,
6196.5125,280,1048576,READ,OLAP,,
6197.0125,281,1048576,READ,OLAP,,
6197.5125,282,1048576,READ,OLAP,,
6198.0125,283,1048576,READ,OLAP,,
6198.5125,284,1048576,READ,OLAP,,
6199.0125,285,1048576,READ,OLAP,,
6199.5125,286,1048576,READ,OLAP,,
6200.0125,287,1048576,READ,OLAP,,
6200.5125,288,1048576,READ,OLAP,,
6200.5840,287,15318,READ,OLTP,,
6201.0125,289,1048576,READ,OLAP,,
6201.5125,290,1048576,READ,OLAP,,
6202.0125,291,1048576,READ,OLAP,,
6202.5125,292,1048576,READ,OLAP,,
6203.0125,293,1048576,READ,OLAP,,
6203.5125,294,1048576,READ,OLAP,,
6204.0125,295,1048576,READ,OLAP,,
6204.5125,296,1048576,READ,OLAP,,
6205.0125,297,1048576,READ,OLAP,,
6205.5125,298,1048576,READ,OLAP,,
6206.0125,299,1048576,READ,OLAP,,
6206.5125,300,1048576,READ,OLAP,,
6206.5193,183,9685,READ,OLTP,,
6207.0125,301,1048576,READ,OLAP,,
6207.5125,302,1048576,READ,OLAP,,
6208.0125,303,1048576,READ,OLAP,,
6221.2643,288,11476,WRITE,OLTP,,
6241.5737,165,5517,READ,OLTP,,
6269.3195,165,8789,READ,OLTP,,
6309.7460,186,8250,READ,OLTP,,
6319.6313,166,9940,WRITE,OLTP,,
6363.4015,168,6415,WRITE,OLTP,,
6369.2968,112,12245,READ,OLTP,,
6374.0253,22,1048576,READ,OLAP,,
6374.5253,23,1048576,READ,OLAP,,
6375.0253,24,1048576,READ,OLAP,,
6375.5253,25,1048576,READ,OLAP,,
6376.0253,26,1048576,READ,OLAP,,
6376.5253,27,1048576,READ,OLAP,,
6377.0253,28,1048576,READ,OLAP,,
6377.5253,29,1048576,READ,OLAP,,
6378.0253,30,1048576,READ,OLAP,,
6378.5253,31,1048576,READ,OLAP,,
6379.0253,32,1048576,READ,OLAP,,
6379.5253,33,1048576,READ,OLAP,,
6380.0253,34,1048576,READ,OLAP,,
6380.5253,35,1048576,READ,OLAP,,
6381.0253,36,1048576,READ,OLAP,,
6381.5253,37,1048576,READ,OLAP,,
6382.0253,38,1048576,READ,OLAP,,
6382.5253,39,1048576,READ,OLAP,,
6383.0253,40,1048576,READ,OLAP,,
6383.5253,41,1048576,READ,OLAP,,
6384.0253,42,1048576,READ,OLAP,,
6384.5253,43,1048576,READ,OLAP,,
6385.0253,44,1048576,READ,OLAP,,
6385.5253,45,1048576,READ,OLAP,,
6386.0253,46,1048576,READ,OLAP,,
6386.5253,47,1048576,READ,OLAP,,
6387.0253,48,1048576,READ,OLAP,,
6387.5253,49,1048576,READ,OLAP,,
6388.0253,50,1048576,READ,OLAP,,
6388.5253,51,1048576,READ,OLAP,,
6389.0253,52,1048576,READ,OLAP,,
6389.5253,53,1048576,READ,OLAP,,
6390.0253,54,1048576,READ,OLAP,,
6390.5253,55,1048576,READ,OLAP,,
6391.0253,56,1048576,READ,OLAP,,
6391.5253,57,1048576,READ,OLAP,,
6392.0253,58,1048576,READ,OLAP,,
6392.5253,59,1048576,READ,OLAP,,
6393.0253,60,1048576,READ,OLAP,,
6393.5253,61,1048576,READ,OLAP,,
6411.2267,171,12406,READ,OLTP,,
6423.5057,456,10442,WRITE,OLTP,,
6435.4538,169,13625,READ,OLTP,,
6458.2917,170,15625,READ,OLTP,,
6459.9572,166,13753,READ,OLTP,,
6499.7021,166,6736,WRITE,OLTP,,
6511.8877,166,15307,WRITE,OLTP,,
6517.0896,180,13027,READ,OLTP,,
6536.8236,170,8799,READ,OLTP,,
6584.8519,166,13175,READ,OLTP,,
6611.0170,209,1048576,READ,OLAP,,
6611.5170,210,1048576,READ,OLAP,,
6612.0170,211,1048576,READ,OLAP,,
6612.5170,212,1048576,READ,OLAP,,
6613.0170,213,1048576,READ,OLAP,,
6613.5170,214,1048576,READ,OLAP,,
6614.0170,215,1048576,READ,OLAP,,
6614.5170,216,1048576,READ,OLAP,,
6615.0170,217,1048576,READ,OLAP,,
6615.5170,218,1048576,READ,OLAP,,
6616.0170,219,1048576,READ,OLAP,,
6616.5170,220,1048576,READ,OLAP,,
6617.0170,221,1048576,READ,OLAP,,
6617.5170,222,1048576,READ,OLAP,,
6618.0170,223,1048576,READ,OLAP,,
6618.5170,224,1048576,READ,OLAP,,
6619.0170,225,1048576,READ,OLAP,,
6619.5170,226,1048576,READ,OLAP,,
6620.0170,227,1048576,READ,OLAP,,
6620.5170,228,1048576,READ,OLAP,,
6621.0170,229,1048576,READ,OLAP,,
6621.5170,230,1048576,READ,OLAP,,
6622.0170,231,1048576,READ,OLAP,,
6622.5170,232,1048576,READ,OLAP,,
6623.0170,233,1048576,READ,OLAP,,
6623.2475,449,11957,READ,OLTP,,
6623.5170,234,1048576,READ,OLAP,,
6624.0170,235,1048576,READ,OLAP,,
6624.5170,236,1048576,READ,OLAP,,
6625.0170,237,1048576,READ,OLAP,,
6625.5170,238,1048576,READ,OLAP,,
6625.8516,454,4889,WRITE,OLTP,,
6626.0170,239,1048576,READ,OLAP,,
6626.5170,240,1048576,READ,OLAP,,
6627.0170,241,1048576,READ,OLAP,,
6627.4117,165,15846,READ,OLTP,,
6627.5170,242,1048576,READ,OLAP,,
6628.0170,243,1048576,READ,OLAP,,
6628.5170,244,1048576,READ,OLAP,,
6629.0170,245,1048576,READ,OLAP,,
6629.5170,246,1048576,READ,OLAP,,
6630.0170,247,1048576,READ,OLAP,,
6630.5170,248,1048576,READ,OLAP,,
6650.2657,165,15612,WRITE,OLTP,,
6657.9862,36,10235,WRITE,OLTP,,
6676.2186,170,14912,READ,OLTP,,
6712.1326,288,10486,READ,OLTP,,
6717.8480,186,8016,READ,OLTP,,
6742.2914,169,12153,WRITE,OLTP,,
6748.1286,170,6852,READ,OLTP,,
6751.5002,171,4468,READ,OLTP,,
6768.4106,167,4394,WRITE,OLTP,,
6774.8437,52,1048576,READ,OLAP,,
6775.3437,53,1048576,READ,OLAP,,
6775.8437,54,1048576,READ,OLAP,,
6776.3437,55,1048576,READ,OLAP,,
6776.8437,56,1048576,READ,OLAP,,
6777.3437,57,1048576,READ,OLAP,,
6777.8437,58,1048576,READ,OLAP,,
6778.3437,59,1048576,READ,OLAP,,
6778.8437,60,1048576,READ,OLAP,,
6779.3437,61,1048576,READ,OLAP,,
6779.8437,62,1048576,READ,OLAP,,
6780.3437,63,1048576,READ,OLAP,,
6780.8437,64,1048576,READ,OLAP,,
6781.3437,65,1048576,READ,OLAP,,
6781.8437,66,1048576,READ,OLAP,,
6782.3437,67,1048576,READ,OLAP,,
6782.8437,68,1048576,READ,OLAP,,
6783.3437,69,1048576,READ,OLAP,,
6783.8437,70,1048576,READ,OLAP,,
6784.3437,71,1048576,READ,OLAP,,
6784.8437,72,1048576,READ,OLAP,,
6785.3437,73,1048576,READ,OLAP,,
6785.8437,74,1048576,READ,OLAP,,
6786.3437,75,1048576,READ,OLAP,,
6786.8437,76,1048576,READ,OLAP,,
6787.3437,77,1048576,READ,OLAP,,
6787.8437,78,1048576,READ,OLAP,,
6788.3437,79,1048576,READ,OLAP,,
6788.8437,80,1048576,READ,OLAP,,
6789.3437,81,1048576,READ,OLAP,,
6789.8437,82,1048576,READ,OLAP,,
6790.3437,83,1048576,READ,OLAP,,
6790.8437,84,1048576,READ,OLAP,,
6791.3437,85,1048576,READ,OLAP,,
6791.8437,86,1048576,READ,OLAP,,
6792.3437,87,1048576,READ,OLAP,,
6792.8437,88,1048576,READ,OLAP,,
6793.3437,89,1048576,READ,OLAP,,
6793.8437,90,1048576,READ,OLAP,,
6794.3437,91,1048576,READ,OLAP,,
6812.1802,167,14531,READ,OLTP,,
6831.4700,169,13551,WRITE,OLTP,,
6865.4708,165,9209,READ,OLTP,,
6881.3562,288,7714,READ,OLTP,,
6885.7808,171,13375,WRITE,OLTP,,
6894.7059,166,11810,READ,OLTP,,
7004.6159,170,5724,WRITE,OLTP,,
7009.1184,294,5973,READ,OLTP,,
7027.9712,165,10146,READ,OLTP,,
7037.9937,165,4466,READ,OLTP,,
7067.0381,166,11087,READ,OLTP,,
7078.6332,165,16365,READ,OLTP,,
7083.0353,447,13594,WRITE,OLTP,,
7115.1502,170,6927,READ,OLTP,,
7116.9585,382,11430,READ,OLTP,,
7146.0404,168,9105,READ,OLTP,,
7221.2764,165,11741,WRITE,OLTP,,
7221.5244,170,11271,READ,OLTP,,
7230.5641,294,15456,READ,OLTP,,
7234.2515,171,14622,READ,OLTP,,
7237.0732,169,7421,WRITE,OLTP,,
7277.3526,165,15867,READ,OLTP,,
7296.8490,167,9610,WRITE,OLTP,,
7306.5534,171,7247,READ,OLTP,,
7307.5462,167,14920,WRITE,OLTP,,
7333.2404,170,8374,READ,OLTP,,
7382.3275,59,9704,WRITE,OLTP,,
7392.7659,167,15998,READ,OLTP,,
7402.4914,167,11369,READ,OLTP,,
7417.1379,169,8075,READ,OLTP,,
7427.1984,289,10308,READ,OLTP,,
7442.8355,169,9656,READ,OLTP,,
7476.7618,170,16064,READ,OLTP,,
7491.5325,55,7472,READ,OLTP,,
7502.7681,167,12440,READ,OLTP,,
7511.7239,168,12915,READ,OLTP,,
7514.5829,170,13595,READ,OLTP,,
7538.1309,165,8826,WRITE,OLTP,,
7563.6759,447,4489,READ,OLTP,,
7566.9171,377,9207,READ,OLTP,,
7578.1801,169,8947,WRITE,OLTP,,
7607.4752,182,13182,READ,OLTP,,
7619.4172,109,13280,WRITE,OLTP,,
7628.2222,291,8585,WRITE,OLTP,,
7648.6433,112,6163,READ,OLTP,,
7684.1238,165,12049,WRITE,OLTP,,
7702.0280,168,13676,READ,OLTP,,
7737.8501,169,8020,READ,OLTP,,
7755.3398,185,15415,READ,OLTP,,
7796.9962,186,7505,WRITE,OLTP,,
7812.1842,184,13450,READ,OLTP,,
7837.6556,170,10608,READ,OLTP,,
7850.0764,169,12981,WRITE,OLTP,,
7860.5769,180,5438,WRITE,OLTP,,
7868.0034,166,7477,READ,OLTP,,
7889.9874,170,4648,READ,OLTP,,
7897.0344,171,5583,READ,OLTP,,
7898.4619,445,14158,READ,OLTP,,
7943.3319,170,15630,WRITE,OLTP,,
7945.3948,170,13593,READ,OLTP,,
7971.0890,448,9278,READ,OLTP,,
7974.3096,289,11105,READ,OLTP,,
7982.9616,184,15174,WRITE,OLTP,,
7983.7504,453,14411,READ,OLTP,,
7998.3059,166,12298,WRITE,OLTP,,
8000.6823,220,1048576,READ,OLAP,,
8001.1823,221,1048576,READ,OLAP,,
8001.6823,222,1048576,READ,OLAP,,
8002.1823,223,1048576,READ,OLAP,,
8002.6823,224,1048576,READ,OLAP,,
8003.1823,225,1048576,READ,OLAP,,
8003.6823,226,1048576,READ,OLAP,,
8004.1823,227,1048576,READ,OLAP,,
8004.6823,228,1048576,READ,OLAP,,
8005.1823,229,1048576,READ,OLAP,,
8005.6823,230,1048576,READ,OLAP,,
8006.1823,231,1048576,READ,OLAP,,
8006.6823,232,1048576,READ,OLAP,,
8007.1823,233,1048576,READ,OLAP,,
8007.6823,234,1048576,READ,OLAP,,
8008.1823,235,1048576,READ,OLAP,,
8008.6823,236,1048576,READ,OLAP,,
8009.1823,237,1048576,READ,OLAP,,
8009.6823,238,1048576,READ,OLAP,,
8010.1823,239,1048576,READ,OLAP,,
8010.6823,240,1048576,READ,OLAP,,
8011.1823,241,1048576,READ,OLAP,,
8011.6823,242,1048576,READ,OLAP,,
8012.1823,243,1048576,READ,OLAP,,
8012.6823,244,1048576,READ,OLAP,,
8013.1823,245,1048576,READ,OLAP,,
8013.6823,246,1048576,READ,OLAP,,
8014.1823,247,1048576,READ,OLAP,,
8014.6823,248,1048576,READ,OLAP,,
8015.1823,249,1048576,READ,OLAP,,
8015.6823,250,1048576,READ,OLAP,,
8016.1823,251,1048576,READ,OLAP,,
8016.6823,252,1048576,READ,OLAP,,
8017.1823,253,1048576,READ,OLAP,,
8017.6823,254,1048576,READ,OLAP,,
8018.1823,255,1048576,READ,OLAP,,
8018.6823,256,1048576,READ,OLAP,,
8019.1823,257,1048576,READ,OLAP,,
8019.5913,167,11512,WRITE,OLTP,,
8019.6823,258,1048576,READ,OLAP,,
8020.1823,259,1048576,READ,OLAP,,
8028.5531,139,15542,READ,OLTP,,
8078.7318,167,11063,READ,OLTP,,
8101.9662,112,4407,WRITE,OLTP,,
8111.1521,166,10642,READ,OLTP,,
8138.8469,282,13923,READ,OLTP,,
8139.0367,169,14723,READ,OLTP,,
8156.8581,165,13179,READ,OLTP,,
8166.6421,165,15915,WRITE,OLTP,,
8168.8235,186,11016,READ,OLTP,,
8180.9900,291,12139,WRITE,OLTP,,
8190.2636,185,6097,READ,OLTP,,
8202.8591,182,10868,WRITE,OLTP,,
8204.9961,166,6596,WRITE,OLTP,,
8280.2198,181,6147,WRITE,OLTP,,
8280.9308,186,15515,READ,OLTP,,
8287.0344,168,9335,READ,OLTP,,
8356.7029,142,8885,READ,OLTP,,
8362.9857,166,6757,READ,OLTP,,
8365.8818,168,13343,WRITE,OLTP,,
8399.9640,167,15570,WRITE,OLTP,,
8415.4366,171,16089,WRITE,OLTP,,
8465.5312,166,10233,READ,OLTP,,
8491.1290,165,6898,READ,OLTP,,
8519.7534,169,15328,WRITE,OLTP,,
8522.5159,165,4917,READ,OLTP,,
8564.3399,446,15068,READ,OLTP,,
8604.9885,171,4531,READ,OLTP,,
8655.4089,185,12726,READ,OLTP,,
8673.6619,165,9397,READ,OLTP,,
8677.7400,169,5902,WRITE,OLTP,,
8736.7037,168,14229,READ,OLTP,,
8757.4489,171,5150,WRITE,OLTP,,
8820.8894,171,13921,WRITE,OLTP,,
8821.5716,165,15743,READ,OLTP,,
8875.0145,167,11351,READ,OLTP,,
8882.1538,61,8713,READ,OLTP,,
8887.1469,451,4131,READ,OLTP,,
8901.1684,167,4819,READ,OLTP,,
8910.6182,181,7123,READ,OLTP,,
8930.5113,171,4894,WRITE,OLTP,,
9027.0364,171,5921,READ,OLTP,,
9027.6594,166,6246,READ,OLTP,,
9035.2563,165,6018,READ,OLTP,,
9098.2239,169,5197,READ,OLTP,,
9114.6384,168,5726,WRITE,OLTP,,
9145.1859,166,9744,READ,OLTP,,
9154.6425,171,4519,WRITE,OLTP,,
9174.4730,171,5267,READ,OLTP,,
9178.6134,450,10288,READ,OLTP,,
9208.7100,445,12860,WRITE,OLTP,,
9257.6033,169,8293,READ,OLTP,,
9303.3675,165,6162,WRITE,OLTP,,
9304.1008,168,8428,READ,OLTP,,
9340.5598,171,6450,READ,OLTP,,
9366.0907,170,7485,READ,OLTP,,
9391.9835,49,6175,READ,OLTP,,
9405.2745,170,13817,READ,OLTP,,
9484.0894,166,6074,READ,OLTP,,
9502.1272,166,7661,WRITE,OLTP,,
9558.7793,116,13999,READ,OLTP,,
9569.6462,95,6026,WRITE,OLTP,,
9592.6136,185,5669,READ,OLTP,,
9619.3546,170,7566,WRITE,OLTP,,
9635.5619,166,13068,READ,OLTP,,
9741.1032,292,7156,WRITE,OLTP,,
9777.7853,179,12700,READ,OLTP,,
9801.9007,166,8355,READ,OLTP,,
9807.8714,293,9864,READ,OLTP,,
9830.0302,167,8760,READ,OLTP,,
9892.0533,183,6056,READ,OLTP,,
9899.6251,349,6891,READ,OLTP,,
9921.3944,111,13010,READ,OLTP,,
9925.9246,447,11816,READ,OLTP,,
9959.0583,180,6502,READ,OLTP,,
9959.1695,167,6002,WRITE,OLTP,,
9961.0109,165,15857,READ,OLTP,,
9989.0779,293,15268,READ,OLTP,,
9999.3092,55,5831,WRITE,OLTP,,
10033.6441,450,14949,READ,OLTP,,
10040.3587,165,8390,READ,OLTP,,
10057.7831,318,1048576,READ,OLAP,,
10058.2831,319,1048576,READ,OLAP,,
10058.6988,166,10160,READ,OLTP,,
10058.7831,320,1048576,READ,OLAP,,
10059.2831,321,1048576,READ,OLAP,,
10059.7831,322,1048576,READ,OLAP,,
10060.2831,323,1048576,READ,OLAP,,
10060.7831,324,1048576,READ,OLAP,,
10061.2831,325,1048576,READ,OLAP,,
10061.7831,326,1048576,READ,OLAP,,
10062.2831,327,1048576,READ,OLAP,,
10062.7831,328,1048576,READ,OLAP,,
10063.2831,329,1048576,READ,OLAP,,
10063.7831,330,1048576,READ,OLAP,,
10064.2831,331,1048576,READ,OLAP,,
10064.7831,332,1048576,READ,OLAP,,
10065.2831,333,1048576,READ,OLAP,,
10065.7831,334,1048576,READ,OLAP,,
10066.2831,335,1048576,READ,OLAP,,
10066.7831,336,1048576,READ,OLAP,,
10067.2831,337,1048576,READ,OLAP,,
10067.7831,338,1048576,READ,OLAP,,
10068.2831,339,1048576,READ,OLAP,,
10068.7831,340,1048576,READ,OLAP,,
10069.2831,341,1048576,READ,OLAP,,
10069.7831,342,1048576,READ,OLAP,,
10070.2831,343,1048576,READ,OLAP,,
10070.7831,344,1048576,READ,OLAP,,
10071.2831,345,1048576,READ,OLAP,,
10071.7831,346,1048576,READ,OLAP,,
10072.2831,347,1048576,READ,OLAP,,
10072.7831,348,1048576,READ,OLAP,,
10073.2831,349,1048576,READ,OLAP,,
10073.7831,350,1048576,READ,OLAP,,
10074.2831,351,1048576,READ,OLAP,,
10074.7831,352,1048576,READ,OLAP,,
10075.2831,353,1048576,READ,OLAP,,
10075.7831,354,1048576,READ,OLAP,,
10076.2831,355,1048576,READ,OLAP,,
10076.7831,356,1048576,READ,OLAP,,
10077.2831,357,1048576,READ,OLAP,,
10078.6728,167,6130,READ,OLTP,,
10085.0781,170,13072,WRITE,OLTP,,
10092.7171,455,13887,READ,OLTP,,
10111.3731,169,6726,READ,OLTP,,
10128.5986,171,12591,WRITE,OLTP,,
10146.9216,182,7676,WRITE,OLTP,,
10152.8628,170,13336,WRITE,OLTP,,
10185.9602,113,15259,READ,OLTP,,
10188.5684,185,11926,READ,OLTP,,
10201.5771,180,9917,WRITE,OLTP,,
10225.4916,185,12544,READ,OLTP,,
10269.1589,166,13198,WRITE,OLTP,,
10273.9468,170,6673,READ,OLTP,,
10293.9367,110,14077,READ,OLTP,,
10339.4605,165,5532,WRITE,OLTP,,
10371.3863,170,12719,READ,OLTP,,
10375.7184,166,7932,READ,OLTP,,
10386.9760,139,9661,READ,OLTP,,
10389.7457,171,11728,READ,OLTP,,
10409.7258,166,8759,READ,OLTP,,
10411.8249,171,15549,READ,OLTP,,
10449.8053,168,4834,READ,OLTP,,
10453.7058,446,15123,READ,OLTP,,
10457.9148,447,14721,READ,OLTP,,
10504.4743,449,5344,READ,OLTP,,
10549.6530,166,12609,READ,OLTP,,
10556.8657,182,15681,WRITE,OLTP,,
10556.8945,141,4867,READ,OLTP,,
10567.1967,289,12634,READ,OLTP,,
10568.1761,171,14344,READ,OLTP,,
10587.0072,169,15607,READ,OLTP,,
10591.1675,183,7595,WRITE,OLTP,,
10654.1522,166,15436,READ,OLTP,,
10671.9418,171,14554,WRITE,OLTP,,
10679.6687,170,5133,READ,OLTP,,
10685.6587,170,5934,READ,OLTP,,
10731.2698,56,13852,READ,OLTP,,
10735.2831,110,4367,READ,OLTP,,
10742.1708,170,8442,READ,OLTP,,
10745.0144,168,14647,WRITE,OLTP,,
10773.7705,337,1048576,READ,OLAP,,
10774.2705,338,1048576,READ,OLAP,,
10774.7705,339,1048576,READ,OLAP,,
10775.2705,340,1048576,READ,OLAP,,
10775.7705,341,1048576,READ,OLAP,,
10776.2705,342,1048576,READ,OLAP,,
10776.7705,343,1048576,READ,OLAP,,
10777.2705,344,1048576,READ,OLAP,,
10777.7705,345,1048576,READ,OLAP,,
10778.2705,346,1048576,READ,OLAP,,
10778.7705,347,1048576,READ,OLAP,,
10779.2705,348,1048576,READ,OLAP,,
10779.7705,349,1048576,READ,OLAP,,
10780.2705,350,1048576,READ,OLAP,,
10780.7705,351,1048576,READ,OLAP,,
10781.2705,352,1048576,READ,OLAP,,
10781.7705,353,1048576,READ,OLAP,,
10782.2705,354,1048576,READ,OLAP,,
10782.7705,355,1048576,READ,OLAP,,
10783.2705,356,1048576,READ,OLAP,,
10783.7705,357,1048576,READ,OLAP,,
10784.2705,358,1048576,READ,OLAP,,
10784.7705,359,1048576,READ,OLAP,,
10785.2705,360,1048576,READ,OLAP,,
10785.7705,361,1048576,READ,OLAP,,
10786.2705,362,1048576,READ,OLAP,,
10786.7705,363,1048576,READ,OLAP,,
10787.2705,364,1048576,READ,OLAP,,
10787.7705,365,1048576,READ,OLAP,,
10788.2705,366,1048576,READ,OLAP,,
10788.7705,367,1048576,READ,OLAP,,
10789.2705,368,1048576,READ,OLAP,,
10789.7705,369,1048576,READ,OLAP,,
10790.2705,370,1048576,READ,OLAP,,
10790.7705,371,1048576,READ,OLAP,,
10791.2705,372,1048576,READ,OLAP,,
10791.7705,373,1048576,READ,OLAP,,
10792.2705,374,1048576,READ,OLAP,,
10792.7705,375,1048576,READ,OLAP,,
10793.2705,376,1048576,READ,OLAP,,
10817.5373,168,6256,READ,OLTP,,
10825.6662,168,15024,WRITE,OLTP,,
10831.7980,168,14174,READ,OLTP,,
10860.1661,170,10156,WRITE,OLTP,,
10863.9350,138,10711,READ,OLTP,,
10887.2552,169,15318,WRITE,OLTP,,
10891.7431,37,6100,READ,OLTP,,
10892.1452,169,5195,WRITE,OLTP,,
10971.8999,168,6935,WRITE,OLTP,,
10998.4902,118,5940,READ,OLTP,,
11022.1339,185,11138,WRITE,OLTP,,
11030.8625,165,16028,READ,OLTP,,
11032.0155,165,11888,READ,OLTP,,
11033.8391,165,15642,WRITE,OLTP,,
11045.3698,110,9092,READ,OLTP,,
11045.9801,168,12633,WRITE,OLTP,,
11084.5661,60,14739,READ,OLTP,,
11120.0929,169,8211,WRITE,OLTP,,
11141.8908,168,13084,READ,OLTP,,
11197.1450,169,12869,READ,OLTP,,
11198.0167,171,6524,WRITE,OLTP,,
11199.7036,171,4099,READ,OLTP,,
11231.9940,165,4514,READ,OLTP,,
11243.0351,122,8452,WRITE,OLTP,,
11264.9100,166,15682,READ,OLTP,,
11268.4823,165,14567,READ,OLTP,,
11280.1085,170,16315,READ,OLTP,,
11282.9250,167,6904,READ,OLTP,,
11294.3779,181,12221,WRITE,OLTP,,
11305.1163,125,5677,READ,OLTP,,
11345.0375,165,14657,WRITE,OLTP,,
11409.1733,167,10132,READ,OLTP,,
11436.0581,170,15869,READ,OLTP,,
11449.0220,170,12375,READ,OLTP,,
11452.0681,168,11691,READ,OLTP,,
11492.0185,168,7915,WRITE,OLTP,,
11592.7995,171,14192,WRITE,OLTP,,
11593.2594,57,14147,READ,OLTP,,
11610.7962,60,15268,READ,OLTP,,
11618.5127,168,15242,READ,OLTP,,
11645.8462,166,10491,WRITE,OLTP,,
11654.7657,168,6759,READ,OLTP,,
11681.8812,165,9618,READ,OLTP,,
11719.0816,170,8826,WRITE,OLTP,,
11759.9316,180,12900,WRITE,OLTP,,
11774.6829,170,14360,READ,OLTP,,
11779.0851,168,5738,WRITE,OLTP,,
11807.3120,166,10272,READ,OLTP,,
11809.4078,165,5524,WRITE,OLTP,,
11856.7846,166,13273,READ,OLTP,,
11869.7888,168,9750,WRITE,OLTP,,
11874.4659,170,7944,READ,OLTP,,
11885.2289,166,12296,READ,OLTP,,
11888.2715,185,14147,READ,OLTP,,
11899.1930,170,14334,WRITE,OLTP,,
11907.6534,171,14355,READ,OLTP,,
11932.5768,167,14394,WRITE,OLTP,,
11991.8079,167,13621,READ,OLTP,,
12016.9054,165,8013,READ,OLTP,,
12025.8435,165,14898,WRITE,OLTP,,
12044.3348,449,9897,WRITE,OLTP,,
12044.7935,183,8903,READ,OLTP,,
12047.9551,183,7086,READ,OLTP,,
12059.7522,171,10441,READ,OLTP,,
12087.2198,167,9987,READ,OLTP,,
12095.8322,169,14012,READ,OLTP,,
12129.8060,169,9576,READ,OLTP,,
12197.1022,169,12978,READ,OLTP,,
12200.1259,186,13609,READ,OLTP,,
12228.7804,165,10690,WRITE,OLTP,,
12243.2185,117,1048576,READ,OLAP,,
12243.7185,118,1048576,READ,OLAP,,
12244.2185,119,1048576,READ,OLAP,,
12244.7185,120,1048576,READ,OLAP,,
12245.2185,121,1048576,READ,OLAP,,
12245.7185,122,1048576,READ,OLAP,,
12246.2185,123,1048576,READ,OLAP,,
12246.7185,124,1048576,READ,OLAP,,
12247.2185,125,1048576,READ,OLAP,,
12247.7185,126,1048576,READ,OLAP,,
12248.2185,127,1048576,READ,OLAP,,
12248.7185,128,1048576,READ,OLAP,,
12249.2185,129,1048576,READ,OLAP,,
12249.7185,130,1048576,READ,OLAP,,
12250.2185,131,1048576,READ,OLAP,,
12250.7185,132,1048576,READ,OLAP,,
12250.9463,171,13349,READ,OLTP,,
12251.2185,133,1048576,READ,OLAP,,
12251.7185,134,1048576,READ,OLAP,,
12252.2185,135,1048576,READ,OLAP,,
12252.7185,136,1048576,READ,OLAP,,
12253.2185,137,1048576,READ,OLAP,,
12253.7185,138,1048576,READ,OLAP,,
12254.2185,139,1048576,READ,OLAP,,
12254.7185,140,1048576,READ,OLAP,,
12255.2185,141,1048576,READ,OLAP,,
12255.7185,142,1048576,READ,OLAP,,
12256.2185,143,1048576,READ,OLAP,,
12256.7185,144,1048576,READ,OLAP,,
12257.2185,145,1048576,READ,OLAP,,
12257.7185,146,1048576,READ,OLAP,,
12258.2185,147,1048576,READ,OLAP,,
12258.7185,148,1048576,READ,OLAP,,
12259.2185,149,1048576,READ,OLAP,,
12259.7185,150,1048576,READ,OLAP,,
12260.0589,167,4530,READ,OLTP,,
12260.2185,151,1048576,READ,OLAP,,
12260.7185,152,1048576,READ,OLAP,,
12261.2185,153,1048576,READ,OLAP,,
12261.7185,154,1048576,READ,OLAP,,
12262.2185,155,1048576,READ,OLAP,,
12262.7185,156,1048576,READ,OLAP,,
12277.1607,166,7954,READ,OLTP,,
12296.2213,181,6766,READ,OLTP,,
12311.8491,109,5384,READ,OLTP,,
12317.3176,180,9672,READ,OLTP,,
12329.4812,168,16273,READ,OLTP,,
12331.0253,446,13347,READ,OLTP,,
12347.0659,166,9938,READ,OLTP,,
12358.7440,167,15212,WRITE,OLTP,,
12390.8609,168,6671,READ,OLTP,,
12397.2423,168,16219,READ,OLTP,,
12413.4267,167,9031,WRITE,OLTP,,
12418.9948,169,8823,READ,OLTP,,
12423.5091,446,4690,WRITE,OLTP,,
12459.9715,183,15968,READ,OLTP,,
12473.9435,169,10831,READ,OLTP,,
12551.6930,167,8787,READ,OLTP,,
12555.4382,166,10737,READ,OLTP,,
12566.4010,166,6329,READ,OLTP,,
12580.8826,169,15215,READ,OLTP,,
12597.9168,168,15508,WRITE,OLTP,,
12602.6788,171,14945,READ,OLTP,,
12608.2342,294,5395,READ,OLTP,,
12642.5615,170,11782,WRITE,OLTP,,
12681.9705,171,9951,READ,OLTP,,
12746.3629,165,8485,READ,OLTP,,
12785.5407,171,13622,WRITE,OLTP,,
12787.0215,186,15080,WRITE,OLTP,,
12796.1382,171,11797,READ,OLTP,,
12806.3946,171,11557,READ,OLTP,,
12810.0745,169,14551,READ,OLTP,,
12834.1752,165,12679,READ,OLTP,,
12864.3875,168,10618,READ,OLTP,,
12927.7207,170,10965,READ,OLTP,,
12942.5739,122,9567,READ,OLTP,,
12969.4053,182,14058,WRITE,OLTP,,
12998.0922,60,8248,READ,OLTP,,
13024.5006,167,13688,READ,OLTP,,
13030.4696,169,11758,WRITE,OLTP,,
13066.2620,165,13855,READ,OLTP,,
13086.2466,167,11033,READ,OLTP,,
13098.1414,182,14746,READ,OLTP,,
13098.2494,165,10346,READ,OLTP,,
13162.8760,166,13925,WRITE,OLTP,,
13179.9165,166,12449,READ,OLTP,,
13189.6576,454,13132,READ,OLTP,,
13192.7061,454,10315,WRITE,OLTP,,
13206.3088,165,8047,READ,OLTP,,
13240.6423,168,12621,READ,OLTP,,
13273.5808,165,6234,READ,OLTP,,
13280.2296,170,10240,READ,OLTP,,
13320.2254,182,14719,WRITE,OLTP,,
13321.3168,445,13625,READ,OLTP,,
13335.5659,55,14307,WRITE,OLTP,,
13337.5229,454,6595,READ,OLTP,,
13357.9594,165,8199,READ,OLTP,,
13363.6110,171,8521,READ,OLTP,,
13370.1056,90,8137,READ,OLTP,,
13373.5125,180,7850,READ,OLTP,,
13380.4628,185,6101,READ,OLTP,,
13401.0410,171,14894,WRITE,OLTP,,
13421.8811,169,7379,READ,OLTP,,
13427.5553,165,11234,READ,OLTP,,
13440.1845,168,12550,WRITE,OLTP,,
13464.4203,60,15663,READ,OLTP,,
13481.3985,167,13562,READ,OLTP,,
13550.4766,448,10948,WRITE,OLTP,,
13613.2255,171,14748,READ,OLTP,,
13615.8857,57,15598,READ,OLTP,,
13647.0159,171,12712,WRITE,OLTP,,
13689.3804,281,13180,WRITE,OLTP,,
13732.7356,380,15619,WRITE,OLTP,,
13779.5131,165,15082,WRITE,OLTP,,
13791.6704,181,15966,READ,OLTP,,
13805.1590,170,7764,WRITE,OLTP,,
13812.6054,171,8717,READ,OLTP,,
13816.2829,165,16329,READ,OLTP,,
13871.2217,169,8332,READ,OLTP,,
13899.0265,61,7785,READ,OLTP,,
13911.2307,169,12250,WRITE,OLTP,,
13917.0242,186,13298,READ,OLTP,,
13917.7074,450,8433,READ,OLTP,,
13918.5739,177,1048576,READ,OLAP,,
13919.0739,178,1048576,READ,OLAP,,
13919.5739,179,1048576,READ,OLAP,,
13920.0739,180,1048576,READ,OLAP,,
13920.5739,181,1048576,READ,OLAP,,
13921.0739,182,1048576,READ,OLAP,,
13921.5739,183,1048576,READ,OLAP,,
13922.0739,184,1048576,READ,OLAP,,
13922.5739,185,1048576,READ,OLAP,,
13923.0739,186,1048576,READ,OLAP,,
13923.5739,187,1048576,READ,OLAP,,
13924.0739,188,1048576,READ,OLAP,,
13924.5739,189,1048576,READ,OLAP,,
13925.0739,190,1048576,READ,OLAP,,
13925.5739,191,1048576,READ,OLAP,,
13926.0739,192,1048576,READ,OLAP,,
13926.5739,193,1048576,READ,OLAP,,
13927.0739,194,1048576,READ,OLAP,,
13927.5739,195,1048576,READ,OLAP,,
13928.0739,196,1048576,READ,OLAP,,
13928.5739,197,1048576,READ,OLAP,,
13929.0739,198,1048576,READ,OLAP,,
13929.5739,199,1048576,READ,OLAP,,
13930.0739,200,1048576,READ,OLAP,,
13930.5739,201,1048576,READ,OLAP,,
13931.0739,202,1048576,READ,OLAP,,
13931.5739,203,1048576,READ,OLAP,,
13932.0739,204,1048576,READ,OLAP,,
13932.5739,205,1048576,READ,OLAP,,
13933.0739,206,1048576,READ,OLAP,,
13933.5739,207,1048576,READ,OLAP,,
13934.0739,208,1048576,READ,OLAP,,
13934.5739,209,1048576,READ,OLAP,,
13935.0739,210,1048576,READ,OLAP,,
13935.5739,211,1048576,READ,OLAP,,
13935.6061,170,11715,READ,OLTP,,
13936.0739,212,1048576,READ,OLAP,,
13936.5739,213,1048576,READ,OLAP,,
13937.0739,214,1048576,READ,OLAP,,
13937.5739,215,1048576,READ,OLAP,,
13938.0739,216,1048576,READ,OLAP,,
13954.4781,168,5926,READ,OLTP,,
14077.2828,287,8461,READ,OLTP,,
14097.8692,169,14283,WRITE,OLTP,,
14101.7021,169,5372,READ,OLTP,,
14103.5505,165,9759,WRITE,OLTP,,
14150.4870,170,4651,WRITE,OLTP,,
14153.6651,184,6116,READ,OLTP,,
14163.7490,167,4227,READ,OLTP,,
14164.7004,170,9698,WRITE,OLTP,,
14166.4880,167,10869,READ,OLTP,,
14191.9864,169,11877,READ,OLTP,,
14203.8311,170,10991,READ,OLTP,,
14225.1091,171,13327,WRITE,OLTP,,
14270.1377,165,5430,WRITE,OLTP,,
14282.7153,171,5594,WRITE,OLTP,,
14310.5595,167,4566,WRITE,OLTP,,
14341.3309,452,14732,READ,OLTP,,
14348.3117,170,4334,WRITE,OLTP,,
14355.8445,253,1048576,READ,OLAP,,
14356.3445,254,1048576,READ,OLAP,,
14356.8445,255,1048576,READ,OLAP,,
14357.3445,256,1048576,READ,OLAP,,
14357.8445,257,1048576,READ,OLAP,,
14358.3445,258,1048576,READ,OLAP,,
14358.8445,259,1048576,READ,OLAP,,
14359.3445,260,1048576,READ,OLAP,,
14359.8445,261,1048576,READ,OLAP,,
14360.3445,262,1048576,READ,OLAP,,
14360.8445,263,1048576,READ,OLAP,,
14361.3445,264,1048576,READ,OLAP,,
14361.8445,265,1048576,READ,OLAP,,
14362.3445,266,1048576,READ,OLAP,,
14362.8445,267,1048576,READ,OLAP,,
14363.3445,268,1048576,READ,OLAP,,
14363.8445,269,1048576,READ,OLAP,,
14364.3445,270,1048576,READ,OLAP,,
14364.8445,271,1048576,READ,OLAP,,
14365.3445,272,1048576,READ,OLAP,,
14365.8445,273,1048576,READ,OLAP,,
14366.3445,274,1048576,READ,OLAP,,
14366.8445,275,1048576,READ,OLAP,,
14367.3445,276,1048576,READ,OLAP,,
14367.8445,277,1048576,READ,OLAP,,
14368.3445,278,1048576,READ,OLAP,,
14368.8445,279,1048576,READ,OLAP,,
14369.3445,280,1048576,READ,OLAP,,
14369.8445,281,1048576,READ,OLAP,,
14370.3445,282,1048576,READ,OLAP,,
14370.8445,283,1048576,READ,OLAP,,
14371.3445,284,1048576,READ,OLAP,,
14371.8445,285,1048576,READ,OLAP,,
14372.3445,286,1048576,READ,OLAP,,
14372.8445,287,1048576,READ,OLAP,,
14373.3445,288,1048576,READ,OLAP,,
14373.8445,289,1048576,READ,OLAP,,
14374.3445,290,1048576,READ,OLAP,,
14374.8445,291,1048576,READ,OLAP,,
14375.3445,292,1048576,READ,OLAP,,
14406.4212,61,4790,READ,OLTP,,
14444.6554,170,11218,READ,OLTP,,
14475.5187,169,4673,WRITE,OLTP,,
14487.2706,171,13362,WRITE,OLTP,,
14537.9168,165,12483,READ,OLTP,,
14559.1758,171,15137,READ,OLTP,,
14586.9639,168,12388,READ,OLTP,,
14597.5653,166,9858,WRITE,OLTP,,
14607.7053,170,13761,READ,OLTP,,
14619.1227,171,13220,READ,OLTP,,
14622.0098,186,5382,WRITE,OLTP,,
14638.1856,166,7017,WRITE,OLTP,,
14642.4873,167,11193,READ,OLTP,,
14659.0414,168,4697,WRITE,OLTP,,
14693.4758,167,13367,WRITE,OLTP,,
14705.1067,169,11172,READ,OLTP,,
14722.5821,55,13407,WRITE,OLTP,,
14786.0349,39,8097,READ,OLTP,,
14794.7149,168,6288,WRITE,OLTP,,
14816.1666,169,9026,READ,OLTP,,
14818.9217,166,10714,READ,OLTP,,
14829.9829,166,5504,WRITE,OLTP,,
14847.8348,166,10005,READ,OLTP,,
14852.3113,171,12593,READ,OLTP,,
14857.9441,181,11703,READ,OLTP,,
14925.8472,166,14949,READ,OLTP,,
14985.7211,170,6359,READ,OLTP,,
15019.4094,170,13221,READ,OLTP,,
15024.5549,165,14564,READ,OLTP,,
15037.8388,165,5767,READ,OLTP,,
15044.5679,171,7158,READ,OLTP,,
15046.5512,171,7436,READ,OLTP,,
15061.3868,170,13240,READ,OLTP,,
15062.2184,337,1048576,READ,OLAP,,
15062.7184,338,1048576,READ,OLAP,,
15063.2184,339,1048576,READ,OLAP,,
15063.7184,340,1048576,READ,OLAP,,
15064.2184,341,1048576,READ,OLAP,,
15064.7184,342,1048576,READ,OLAP,,
15065.2184,343,1048576,READ,OLAP,,
15065.7184,344,1048576,READ,OLAP,,
15066.2184,345,1048576,READ,OLAP,,
15066.7184,346,1048576,READ,OLAP,,
15067.2184,347,1048576,READ,OLAP,,
15067.7184,348,1048576,READ,OLAP,,
15068.2184,349,1048576,READ,OLAP,,
15068.7184,350,1048576,READ,OLAP,,
15069.2184,351,1048576,READ,OLAP,,
15069.5034,171,6507,READ,OLTP,,
15069.7184,352,1048576,READ,OLAP,,
15070.2184,353,1048576,READ,OLAP,,
15070.7184,354,1048576,READ,OLAP,,
15071.2184,355,1048576,READ,OLAP,,
15071.7184,356,1048576,READ,OLAP,,
15072.2184,357,1048576,READ,OLAP,,
15072.7184,358,1048576,READ,OLAP,,
15073.2184,359,1048576,READ,OLAP,,
15073.7184,360,1048576,READ,OLAP,,
15074.2184,361,1048576,READ,OLAP,,
15074.7184,362,1048576,READ,OLAP,,
15075.2184,363,1048576,READ,OLAP,,
15075.7184,364,1048576,READ,OLAP,,
15076.2184,365,1048576,READ,OLAP,,
15076.7184,366,1048576,READ,OLAP,,
15077.2184,367,1048576,READ,OLAP,,
15077.7184,368,1048576,READ,OLAP,,
15078.2184,369,1048576,READ,OLAP,,
15078.7184,370,1048576,READ,OLAP,,
15079.2184,371,1048576,READ,OLAP,,
15079.7184,372,1048576,READ,OLAP,,
15080.2184,373,1048576,READ,OLAP,,
15080.7184,374,1048576,READ,OLAP,,
15081.2184,375,1048576,READ,OLAP,,
15081.7184,376,1048576,READ,OLAP,,
15104.0314,186,11784,WRITE,OLTP,,
15114.3288,166,16270,WRITE,OLTP,,
15123.9954,167,13873,READ,OLTP,,
15245.7588,168,8878,WRITE,OLTP,,
15253.6506,168,6169,WRITE,OLTP,,
15292.6996,168,5903,WRITE,OLTP,,
15330.0822,184,16105,READ,OLTP,,
15353.5338,171,14096,WRITE,OLTP,,
15367.0884,165,13260,READ,OLTP,,
15370.4546,180,6707,WRITE,OLTP,,
15379.6612,185,15234,READ,OLTP,,
15382.0529,165,5062,READ,OLTP,,
15391.0222,165,9073,READ,OLTP,,
15417.2758,167,8661,READ,OLTP,,
15462.4316,242,1048576,READ,OLAP,,
15462.9316,243,1048576,READ,OLAP,,
15463.4316,244,1048576,READ,OLAP,,
15463.9316,245,1048576,READ,OLAP,,
15464.4316,246,1048576,READ,OLAP,,
15464.9316,247,1048576,READ,OLAP,,
15465.4316,248,1048576,READ,OLAP,,
15465.9316,249,1048576,READ,OLAP,,
15466.4316,250,1048576,READ,OLAP,,
15466.9316,251,1048576,READ,OLAP,,
15467.4316,252,1048576,READ,OLAP,,
15467.9316,253,1048576,READ,OLAP,,
15468.4316,254,1048576,READ,OLAP,,
15468.9316,255,1048576,READ,OLAP,,
15469.4316,256,1048576,READ,OLAP,,
15469.9316,257,1048576,READ,OLAP,,
15470.4316,258,1048576,READ,OLAP,,
15470.9316,259,1048576,READ,OLAP,,
15471.4316,260,1048576,READ,OLAP,,
15471.9316,261,1048576,READ,OLAP,,
15472.4316,262,1048576,READ,OLAP,,
15472.9316,263,1048576,READ,OLAP,,
15473.4316,264,1048576,READ,OLAP,,
15473.9316,265,1048576,READ,OLAP,,
15474.4316,266,1048576,READ,OLAP,,
15474.9316,267,1048576,READ,OLAP,,
15475.4316,268,1048576,READ,OLAP,,
15475.9316,269,1048576,READ,OLAP,,
15476.4316,270,1048576,READ,OLAP,,
15476.9316,271,1048576,READ,OLAP,,
15477.4316,272,1048576,READ,OLAP,,
15477.9316,273,1048576,READ,OLAP,,
15478.4316,274,1048576,READ,OLAP,,
15478.9316,275,1048576,READ,OLAP,,
15479.4316,276,1048576,READ,OLAP,,
15479.9316,277,1048576,READ,OLAP,,
15480.4316,278,1048576,READ,OLAP,,
15480.9316,279,1048576,READ,OLAP,,
15481.4316,280,1048576,READ,OLAP,,
15481.9316,281,1048576,READ,OLAP,,
15508.5158,185,10467,READ,OLTP,,
15526.4295,167,4548,READ,OLTP,,
15530.9941,169,10978,READ,OLTP,,
15544.0039,166,9730,WRITE,OLTP,,
15544.7491,170,10801,WRITE,OLTP,,
15544.8785,170,9450,WRITE,OLTP,,
15564.4220,167,16215,READ,OLTP,,
15573.4775,167,7934,READ,OLTP,,
15581.6623,284,16136,READ,OLTP,,
15584.8874,288,10934,READ,OLTP,,
15605.3921,170,15098,READ,OLTP,,
15654.4869,446,13781,READ,OLTP,,
15655.0418,169,4975,WRITE,OLTP,,
15675.5095,171,8290,READ,OLTP,,
15677.9235,140,6295,READ,OLTP,,
15708.3561,168,7433,READ,OLTP,,
15722.7922,165,9710,READ,OLTP,,
15740.4175,166,11922,READ,OLTP,,
15753.7130,184,15868,READ,OLTP,,
15769.5996,168,9260,WRITE,OLTP,,
15792.8673,169,13451,READ,OLTP,,
15801.1953,165,7282,WRITE,OLTP,,
15803.0165,168,10861,WRITE,OLTP,,
15821.4827,183,15717,WRITE,OLTP,,
15825.2780,168,5092,READ,OLTP,,
15829.2703,453,6672,READ,OLTP,,
15832.0003,169,14599,READ,OLTP,,
15840.1654,111,9000,READ,OLTP,,
15858.3986,169,11822,READ,OLTP,,
15905.1007,144,7681,READ,OLTP,,
15974.7721,109,7865,READ,OLTP,,
15988.0486,124,14037,READ,OLTP,,
16001.3807,165,6041,WRITE,OLTP,,
16022.9298,170,12258,READ,OLTP,,
16031.1135,167,6524,READ,OLTP,,
16045.8188,167,15269,READ,OLTP,,
16048.2676,288,4972,READ,OLTP,,
16093.7015,166,7419,READ,OLTP,,
16094.4334,183,7407,WRITE,OLTP,,
16099.6879,167,14233,READ,OLTP,,
16111.8880,180,12334,WRITE,OLTP,,
16175.9298,166,12304,READ,OLTP,,
16215.6981,169,9319,WRITE,OLTP,,
16216.0319,391,1048576,READ,OLAP,,
16216.5319,392,1048576,READ,OLAP,,
16217.0319,393,1048576,READ,OLAP,,
16217.5319,394,1048576,READ,OLAP,,
16218.0319,395,1048576,READ,OLAP,,
16218.5319,396,1048576,READ,OLAP,,
16219.0319,397,1048576,READ,OLAP,,
16219.5319,398,1048576,READ,OLAP,,
16220.0319,399,1048576,READ,OLAP,,
16220.5319,400,1048576,READ,OLAP,,
16221.0319,401,1048576,READ,OLAP,,
16221.5319,402,1048576,READ,OLAP,,
16222.0319,403,1048576,READ,OLAP,,
16222.5319,404,1048576,READ,OLAP,,
16223.0319,405,1048576,READ,OLAP,,
16223.5319,406,1048576,READ,OLAP,,
16224.0319,407,1048576,READ,OLAP,,
16224.5319,408,1048576,READ,OLAP,,
16225.0319,409,1048576,READ,OLAP,,
16225.5319,410,1048576,READ,OLAP,,
16226.0319,411,1048576,READ,OLAP,,
16226.5319,412,1048576,READ,OLAP,,
16227.0319,413,1048576,READ,OLAP,,
16227.5319,414,1048576,READ,OLAP,,
16228.0319,415,1048576,READ,OLAP,,
16228.5319,416,1048576,READ,OLAP,,
16229.0319,417,1048576,READ,OLAP,,
16229.5319,418,1048576,READ,OLAP,,
16230.0319,419,1048576,READ,OLAP,,
16230.5319,420,1048576,READ,OLAP,,
16231.0319,421,1048576,READ,OLAP,,
16231.5319,422,1048576,READ,OLAP,,
16232.0319,423,1048576,READ,OLAP,,
16232.5319,424,1048576,READ,OLAP,,
16233.0319,425,1048576,READ,OLAP,,
16233.5319,426,1048576,READ,OLAP,,
16234.0319,427,1048576,READ,OLAP,,
16234.5319,428,1048576,READ,OLAP,,
16235.0319,429,1048576,READ,OLAP,,
16235.5319,430,1048576,READ,OLAP,,
16304.7867,168,5479,READ,OLTP,,
16314.0609,166,6790,READ,OLTP,,
16318.7044,169,7175,READ,OLTP,,
16328.3450,170,15566,WRITE,OLTP,,
16335.1488,166,14408,READ,OLTP,,
16356.9470,167,12776,READ,OLTP,,
16401.4330,184,9441,READ,OLTP,,
16404.7735,182,8592,WRITE,OLTP,,
16413.2220,183,6080,READ,OLTP,,
16464.5155,170,5830,READ,OLTP,,
16522.4705,170,5694,WRITE,OLTP,,
16548.1540,166,12746,WRITE,OLTP,,
16552.9542,170,7680,READ,OLTP,,
16559.7009,166,6401,WRITE,OLTP,,
16569.4073,171,12051,WRITE,OLTP,,
16573.7915,169,7154,READ,OLTP,,
16577.7678,169,5751,WRITE,OLTP,,
16589.6155,41,15173,READ,OLTP,,
16589.8655,165,6017,WRITE,OLTP,,
16594.0239,453,4201,READ,OLTP,,
16660.8092,167,14594,READ,OLTP,,
16680.5984,168,13599,READ,OLTP,,
16688.5476,167,7334,READ,OLTP,,
16693.5013,166,15190,WRITE,OLTP,,
16715.3662,171,12469,READ,OLTP,,
16772.6855,124,14598,READ,OLTP,,
16776.6822,171,14334,READ,OLTP,,
16783.4466,116,11295,READ,OLTP,,
16849.5243,166,13285,READ,OLTP,,
16885.3573,168,14081,READ,OLTP,,
16904.0228,171,11806,READ,OLTP,,
16904.8232,168,8139,WRITE,OLTP,,
16944.4494,167,9623,READ,OLTP,,
16960.8665,165,13928,READ,OLTP,,
16967.8018,169,12751,READ,OLTP,,
16974.6717,183,4384,READ,OLTP,,
16977.5325,449,8590,READ,OLTP,,
16987.4570,166,9062,WRITE,OLTP,,
16988.6004,168,13478,WRITE,OLTP,,
17001.5200,181,12148,READ,OLTP,,
17003.8072,290,12674,READ,OLTP,,
17018.9539,113,15085,WRITE,OLTP,,
17021.0419,168,5496,READ,OLTP,,
17023.5123,166,12433,READ,OLTP,,
17090.2365,169,4181,READ,OLTP,,
17090.7711,185,5655,READ,OLTP,,
17098.8836,185,12254,READ,OLTP,,
17122.5623,171,9599,READ,OLTP,,
17150.1658,168,9953,WRITE,OLTP,,
17181.8398,166,16109,READ,OLTP,,
17197.0628,171,11563,READ,OLTP,,
17229.2910,92,13598,WRITE,OLTP,,
17240.2270,168,12270,READ,OLTP,,
17249.4014,165,10551,WRITE,OLTP,,
17269.1254,165,9854,READ,OLTP,,
17288.0871,294,8099,WRITE,OLTP,,
17290.5070,169,5715,READ,OLTP,,
17314.4985,166,5256,READ,OLTP,,
17316.6274,290,11225,READ,OLTP,,
17341.6846,183,8585,READ,OLTP,,
17384.6946,170,7655,READ,OLTP,,
17392.4131,171,15298,WRITE,OLTP,,
17402.4756,166,10248,READ,OLTP,,
17454.5497,166,8064,WRITE,OLTP,,
17505.0432,169,4446,READ,OLTP,,
17530.0437,182,12795,READ,OLTP,,
17537.2930,166,15888,READ,OLTP,,
17555.6400,165,7344,READ,OLTP,,
17561.1461,283,6339,WRITE,OLTP,,
17605.9555,170,6003,READ,OLTP,,
17626.5893,169,16296,READ,OLTP,,
17639.2385,170,11350,READ,OLTP,,
17646.8235,169,13840,WRITE,OLTP,,
17655.6741,170,8858,READ,OLTP,,
17661.4090,165,8834,WRITE,OLTP,,
17727.5163,450,8222,WRITE,OLTP,,
17742.7709,168,11045,READ,OLTP,,
17758.2476,167,5833,READ,OLTP,,
17765.3740,170,6785,READ,OLTP,,
17817.1062,165,7815,READ,OLTP,,
17817.1381,168,4254,READ,OLTP,,
17894.5112,170,9440,WRITE,OLTP,,
17903.3257,167,10164,WRITE,OLTP,,
17906.5781,170,7281,READ,OLTP,,
17912.1680,170,4957,READ,OLTP,,
17922.0970,171,12162,READ,OLTP,,
17928.7125,169,6278,WRITE,OLTP,,
17929.1112,180,13511,WRITE,OLTP,,
17944.0853,168,4898,READ,OLTP,,
17952.5164,457,5919,READ,OLTP,,
17964.0863,292,10887,READ,OLTP,,
17964.3367,77,1048576,READ,OLAP,,
17964.8367,78,1048576,READ,OLAP,,
17965.3367,79,1048576,READ,OLAP,,
17965.8367,80,1048576,READ,OLAP,,
17966.3367,81,1048576,READ,OLAP,,
17966.8367,82,1048576,READ,OLAP,,
17967.3367,83,1048576,READ,OLAP,,
17967.8367,84,1048576,READ,OLAP,,
17968.3367,85,1048576,READ,OLAP,,
17968.8367,86,1048576,READ,OLAP,,
17969.3367,87,1048576,READ,OLAP,,
17969.8367,88,1048576,READ,OLAP,,
17970.3367,89,1048576,READ,OLAP,,
17970.8367,90,1048576,READ,OLAP,,
17971.3367,91,1048576,READ,OLAP,,
17971.8367,92,1048576,READ,OLAP,,
17972.3367,93,1048576,READ,OLAP,,
17972.8367,94,1048576,READ,OLAP,,
17973.3367,95,1048576,READ,OLAP,,
17973.8367,96,1048576,READ,OLAP,,
17974.3367,97,1048576,READ,OLAP,,
17974.8367,98,1048576,READ,OLAP,,
17975.0928,447,13312,READ,OLTP,,
17975.3367,99,1048576,READ,OLAP,,
17975.8367,100,1048576,READ,OLAP,,
17976.3367,101,1048576,READ,OLAP,,
17976.8367,102,1048576,READ,OLAP,,
17977.3367,103,1048576,READ,OLAP,,
17977.8367,104,1048576,READ,OLAP,,
17978.3367,105,1048576,READ,OLAP,,
17978.8367,106,1048576,READ,OLAP,,
17979.3367,107,1048576,READ,OLAP,,
17979.8367,108,1048576,READ,OLAP,,
17980.3367,109,1048576,READ,OLAP,,
17980.8367,110,1048576,READ,OLAP,,
17981.3367,111,1048576,READ,OLAP,,
17981.8367,112,1048576,READ,OLAP,,
17982.3367,113,1048576,READ,OLAP,,
17982.8367,114,1048576,READ,OLAP,,
17983.3367,115,1048576,READ,OLAP,,
17983.8367,116,1048576,READ,OLAP,,
18014.1392,169,12293,READ,OLTP,,
18027.1425,169,10303,READ,OLTP,,
18031.9120,186,15906,READ,OLTP,,
18040.0444,454,8703,READ,OLTP,,
18055.2840,184,7090,READ,OLTP,,
18067.9550,166,13169,READ,OLTP,,
18091.3345,171,14392,READ,OLTP,,
18093.2987,166,10664,WRITE,OLTP,,
18135.4114,170,11322,READ,OLTP,,
18161.8473,171,14194,READ,OLTP,,
18181.2885,168,4259,READ,OLTP,,
18220.1361,169,5644,WRITE,OLTP,,
18224.6345,165,8584,READ,OLTP,,
18239.0093,169,5236,READ,OLTP,,
18249.1717,170,16136,WRITE,OLTP,,
18256.4622,171,15532,READ,OLTP,,
18263.7293,168,13085,READ,OLTP,,
18275.3872,185,15483,READ,OLTP,,
18281.3743,171,12323,WRITE,OLTP,,
18299.2451,165,4172,READ,OLTP,,
18323.9804,171,12699,READ,OLTP,,
18351.0411,167,5916,READ,OLTP,,
18360.7419,170,15864,READ,OLTP,,
18409.3742,165,11897,WRITE,OLTP,,
18439.1165,183,10712,WRITE,OLTP,,
18464.3076,445,4399,READ,OLTP,,
18465.5685,169,5768,READ,OLTP,,
18498.5541,167,10218,WRITE,OLTP,,
18515.6138,169,4717,READ,OLTP,,
18520.4019,166,11489,READ,OLTP,,
18526.5163,168,11076,READ,OLTP,,
18531.7975,165,10499,READ,OLTP,,
18532.1281,167,6275,READ,OLTP,,
18595.6310,166,10785,WRITE,OLTP,,
18607.7496,171,15590,READ,OLTP,,
18682.7133,168,11630,READ,OLTP,,
18686.4012,165,16096,WRITE,OLTP,,
18721.7237,169,10128,READ,OLTP,,
18762.1697,171,11033,READ,OLTP,,
18764.6056,138,8075,READ,OLTP,,
18787.3540,165,11604,READ,OLTP,,
18795.3281,180,6735,READ,OLTP,,
18799.6730,165,5693,READ,OLTP,,
18808.2359,459,15670,READ,OLTP,,
18816.8477,170,14065,READ,OLTP,,
18824.4120,167,12844,READ,OLTP,,
18884.1546,165,9326,READ,OLTP,,
18927.5537,180,6169,READ,OLTP,,
19046.9300,169,13365,READ,OLTP,,
19052.0311,56,10545,READ,OLTP,,
19075.4756,166,9360,READ,OLTP,,
19085.2505,170,11243,READ,OLTP,,
19118.5546,186,13954,READ,OLTP,,
19125.8419,167,9364,WRITE,OLTP,,
19140.5482,168,5590,READ,OLTP,,
19157.1903,167,15463,READ,OLTP,,
19174.4230,166,16068,READ,OLTP,,
19187.8647,166,5625,READ,OLTP,,
19216.6176,169,12510,WRITE,OLTP,,
19238.1700,56,7010,READ,OLTP,,
19256.6901,170,8335,WRITE,OLTP,,
19262.1769,140,15634,WRITE,OLTP,,
19285.6216,170,9148,READ,OLTP,,
19302.4610,169,7913,WRITE,OLTP,,
19322.4911,165,6737,WRITE,OLTP,,
19322.9510,170,10020,READ,OLTP,,
19344.2830,41,10360,WRITE,OLTP,,
19362.3259,166,8586,READ,OLTP,,
19362.4677,170,15093,READ,OLTP,,
19382.4908,169,14925,READ,OLTP,,
19392.0118,288,9955,WRITE,OLTP,,
19406.1780,165,13793,WRITE,OLTP,,
19413.8253,169,8179,WRITE,OLTP,,
19414.5723,165,6830,READ,OLTP,,
19465.0298,168,9780,READ,OLTP,,
19494.6750,166,10352,READ,OLTP,,
19500.3145,169,9213,READ,OLTP,,
19506.7196,351,11498,READ,OLTP,,
19510.6196,166,9303,READ,OLTP,,
19518.2198,171,7849,READ,OLTP,,
19550.6306,171,10447,READ,OLTP,,
19639.2528,168,14963,READ,OLTP,,
19722.5596,142,12934,READ,OLTP,,
19729.8678,18,1048576,READ,OLAP,,
19730.3678,19,1048576,READ,OLAP,,
19730.8678,20,1048576,READ,OLAP,,
19731.3678,21,1048576,READ,OLAP,,
19731.8678,22,1048576,READ,OLAP,,
19732.3678,23,1048576,READ,OLAP,,
19732.8678,24,1048576,READ,OLAP,,
19733.3678,25,1048576,READ,OLAP,,
19733.8678,26,1048576,READ,OLAP,,
19734.3678,27,1048576,READ,OLAP,,
19734.8678,28,1048576,READ,OLAP,,
19735.3678,29,1048576,READ,OLAP,,
19735.8678,30,1048576,READ,OLAP,,
19736.3678,31,1048576,READ,OLAP,,
19736.8678,32,1048576,READ,OLAP,,
19737.3678,33,1048576,READ,OLAP,,
19737.8678,34,1048576,READ,OLAP,,
19738.3678,35,1048576,READ,OLAP,,
19738.8678,36,1048576,READ,OLAP,,
19739.3678,37,1048576,READ,OLAP,,
19739.8678,38,1048576,READ,OLAP,,
19740.3678,39,1048576,READ,OLAP,,
19740.8678,40,1048576,READ,OLAP,,
19741.3678,41,1048576,READ,OLAP,,
19741.8678,42,1048576,READ,OLAP,,
19742.3678,43,1048576,READ,OLAP,,
19742.8678,44,1048576,READ,OLAP,,
19743.3678,45,1048576,READ,OLAP,,
19743.8678,46,1048576,READ,OLAP,,
19744.3678,47,1048576,READ,OLAP,,
19744.8678,48,1048576,READ,OLAP,,
19745.3678,49,1048576,READ,OLAP,,
19745.8678,50,1048576,READ,OLAP,,
19746.3678,51,1048576,READ,OLAP,,
19746.8678,52,1048576,READ,OLAP,,
19747.3678,53,1048576,READ,OLAP,,
19747.8678,54,1048576,READ,OLAP,,
19748.3678,55,1048576,READ,OLAP,,
19748.8678,56,1048576,READ,OLAP,,
19749.3678,57,1048576,READ,OLAP,,
19764.5115,169,11344,WRITE,OLTP,,
19764.6250,168,12908,READ,OLTP,,
19767.1360,168,10602,READ,OLTP,,
19787.1994,171,4441,READ,OLTP,,
19794.7116,165,7746,READ,OLTP,,
19822.2932,182,15652,WRITE,OLTP,,
19847.6653,58,6227,WRITE,OLTP,,
19934.7888,168,8433,READ,OLTP,,
19936.5271,180,8686,READ,OLTP,,
19939.7249,292,9504,WRITE,OLTP,,
19947.4311,167,15090,READ,OLTP,,
19998.7533,292,10440,READ,OLTP,,
20002.4031,165,5998,READ,OLTP,,
20014.3218,123,15249,READ,OLTP,,
20023.6985,167,8931,READ,OLTP,,
20030.4690,169,4601,READ,OLTP,,
20046.6013,167,15943,READ,OLTP,,
20050.0811,167,14464,WRITE,OLTP,,
20060.7176,168,12060,READ,OLTP,,
20061.4059,50,12423,READ,OLTP,,
20071.4799,186,10629,READ,OLTP,,
20076.7410,167,10681,WRITE,OLTP,,
20096.0166,170,15500,READ,OLTP,,
20119.4434,291,9050,READ,OLTP,,
20123.2938,181,4908,READ,OLTP,,
20124.0387,169,10682,READ,OLTP,,
20133.1493,166,6286,READ,OLTP,,
20144.3384,453,12707,WRITE,OLTP,,
20171.4078,446,15445,READ,OLTP,,
20184.2346,168,9641,READ,OLTP,,
20200.6531,168,11401,READ,OLTP,,
20208.2693,171,15477,READ,OLTP,,
20216.4798,171,6963,READ,OLTP,,
20264.8761,39,11078,READ,OLTP,,
20284.4516,171,8640,READ,OLTP,,
20288.9095,112,9727,WRITE,OLTP,,
20297.4290,282,8001,READ,OLTP,,
20306.5463,165,15255,WRITE,OLTP,,
20310.8888,168,8146,READ,OLTP,,
20341.6325,169,4436,WRITE,OLTP,,
20343.4051,288,11970,READ,OLTP,,
20352.4706,167,15173,READ,OLTP,,
20361.4545,166,9928,READ,OLTP,,
20398.2228,167,10082,READ,OLTP,,
20409.5519,167,13014,READ,OLTP,,
20414.5200,170,5802,READ,OLTP,,
20436.1933,166,6453,READ,OLTP,,
20477.3397,171,12638,READ,OLTP,,
20490.4485,170,10102,WRITE,OLTP,,
20503.6871,168,7192,READ,OLTP,,
20506.5197,167,10081,READ,OLTP,,
20518.7756,166,9984,READ,OLTP,,
20541.5568,167,8545,READ,OLTP,,
20542.4388,169,10702,READ,OLTP,,
20559.1791,171,10201,WRITE,OLTP,,
20572.8870,168,16013,WRITE,OLTP,,
20608.5425,167,8526,READ,OLTP,,
20618.9418,458,12472,READ,OLTP,,
20641.7767,455,13337,READ,OLTP,,
20645.2744,170,9663,WRITE,OLTP,,
20656.5109,185,8731,WRITE,OLTP,,
20657.3958,180,12091,WRITE,OLTP,,
20659.2383,165,6028,READ,OLTP,,
20677.1978,170,12144,READ,OLTP,,
20764.9782,447,9578,READ,OLTP,,
20777.8257,168,5929,READ,OLTP,,
20795.3170,446,9373,READ,OLTP,,
20802.1556,169,8802,READ,OLTP,,
20804.3808,457,13458,READ,OLTP,,
20804.9578,55,6255,READ,OLTP,,
20836.8065,171,6198,READ,OLTP,,
20837.5401,166,5547,READ,OLTP,,
20856.0754,171,14340,READ,OLTP,,
20872.6805,170,8190,WRITE,OLTP,,
20872.9523,170,6033,WRITE,OLTP,,
20934.2806,165,4565,WRITE,OLTP,,
20938.6480,165,12035,WRITE,OLTP,,
20955.5528,169,6386,WRITE,OLTP,,
20961.4602,170,12654,READ,OLTP,,
20979.8627,171,6367,READ,OLTP,,
20983.0599,166,10304,READ,OLTP,,
21041.8871,170,10765,READ,OLTP,,
21053.8056,445,14571,READ,OLTP,,
21065.6560,139,9339,WRITE,OLTP,,
21079.4868,61,8193,READ,OLTP,,
21094.8656,165,5441,WRITE,OLTP,,
21104.4526,170,5967,WRITE,OLTP,,
21243.0910,167,16320,WRITE,OLTP,,
21254.5403,169,12403,READ,OLTP,,
21259.5538,35,13334,READ,OLTP,,
21261.5444,111,11856,WRITE,OLTP,,
21317.5022,169,12516,READ,OLTP,,
21392.8421,167,6776,READ,OLTP,,
21396.8014,184,12031,READ,OLTP,,
21410.7421,180,10809,READ,OLTP,,
21430.5462,404,1048576,READ,OLAP,,
21431.0462,405,1048576,READ,OLAP,,
21431.5462,406,1048576,READ,OLAP,,
21431.8272,169,13059,READ,OLTP,,
21432.0462,407,1048576,READ,OLAP,,
21432.5462,408,1048576,READ,OLAP,,
21433.0462,409,1048576,READ,OLAP,,
21433.5462,410,1048576,READ,OLAP,,
21434.0462,411,1048576,READ,OLAP,,
21434.5462,412,1048576,READ,OLAP,,
21435.0462,413,1048576,READ,OLAP,,
21435.5462,414,1048576,READ,OLAP,,
21436.0462,415,1048576,READ,OLAP,,
21436.5462,416,1048576,READ,OLAP,,
21437.0462,417,1048576,READ,OLAP,,
21437.5462,418,1048576,READ,OLAP,,
21438.0462,419,1048576,READ,OLAP,,
21438.5462,420,1048576,READ,OLAP,,
21439.0462,421,1048576,READ,OLAP,,
21439.5462,422,1048576,READ,OLAP,,
21440.0462,423,1048576,READ,OLAP,,
21440.5462,424,1048576,READ,OLAP,,
21441.0462,425,1048576,READ,OLAP,,
21441.5462,426,1048576,READ,OLAP,,
21442.0462,427,1048576,READ,OLAP,,
21442.5462,428,1048576,READ,OLAP,,
21443.0462,429,1048576,READ,OLAP,,
21443.5462,430,1048576,READ,OLAP,,
21444.0462,431,1048576,READ,OLAP,,
21444.5462,432,1048576,READ,OLAP,,
21445.0462,433,1048576,READ,OLAP,,
21445.5462,434,1048576,READ,OLAP,,
21446.0462,435,1048576,READ,OLAP,,
21446.5462,436,1048576,READ,OLAP,,
21447.0462,437,1048576,READ,OLAP,,
21447.5462,438,1048576,READ,OLAP,,
21448.0462,439,1048576,READ,OLAP,,
21448.5462,440,1048576,READ,OLAP,,
21449.0462,441,1048576,READ,OLAP,,
21449.5462,442,1048576,READ,OLAP,,
21450.0462,443,1048576,READ,OLAP,,
21469.2628,59,4800,READ,OLTP,,
21482.1242,170,6505,READ,OLTP,,
21491.3822,166,9072,WRITE,OLTP,,
21493.2205,167,13063,WRITE,OLTP,,
21527.0529,280,6149,READ,OLTP,,
21527.9558,209,1048576,READ,OLAP,,
21528.4558,210,1048576,READ,OLAP,,
21528.9558,211,1048576,READ,OLAP,,
21529.4558,212,1048576,READ,OLAP,,
21529.9558,213,1048576,READ,OLAP,,
21530.4558,214,1048576,READ,OLAP,,
21530.9558,215,1048576,READ,OLAP,,
21531.4558,216,1048576,READ,OLAP,,
21531.9558,217,1048576,READ,OLAP,,
21532.4558,218,1048576,READ,OLAP,,
21532.9558,219,1048576,READ,OLAP,,
21533.4558,220,1048576,READ,OLAP,,
21533.9558,221,1048576,READ,OLAP,,
21534.4558,222,1048576,READ,OLAP,,
21534.9558,223,1048576,READ,OLAP,,
21535.4558,224,1048576,READ,OLAP,,
21535.9558,225,1048576,READ,OLAP,,
21536.4558,226,1048576,READ,OLAP,,
21536.9558,227,1048576,READ,OLAP,,
21537.4558,228,1048576,READ,OLAP,,
21537.9558,229,1048576,READ,OLAP,,
21538.4558,230,1048576,READ,OLAP,,
21538.9558,231,1048576,READ,OLAP,,
21539.4558,232,1048576,READ,OLAP,,
21539.9558,233,1048576,READ,OLAP,,
21540.4558,234,1048576,READ,OLAP,,
21540.9558,235,1048576,READ,OLAP,,
21541.4558,236,1048576,READ,OLAP,,
21541.9558,237,1048576,READ,OLAP,,
21542.4558,238,1048576,READ,OLAP,,
21542.9558,239,1048576,READ,OLAP,,
21543.4558,240,1048576,READ,OLAP,,
21543.9558,241,1048576,READ,OLAP,,
21544.4558,242,1048576,READ,OLAP,,
21544.9558,243,1048576,READ,OLAP,,
21545.4558,244,1048576,READ,OLAP,,
21545.9558,245,1048576,READ,OLAP,,
21546.4558,246,1048576,READ,OLAP,,
21546.9558,247,1048576,READ,OLAP,,
21547.4558,248,1048576,READ,OLAP,,
21574.0787,445,8621,WRITE,OLTP,,
21575.4230,185,6976,READ,OLTP,,
21595.6374,166,6590,READ,OLTP,,
21636.1018,168,14260,READ,OLTP,,
21636.3488,284,7696,WRITE,OLTP,,
21641.1927,169,12083,READ,OLTP,,
21690.4208,288,14282,READ,OLTP,,
21694.3196,447,8350,READ,OLTP,,
21727.2302,55,9165,WRITE,OLTP,,
21807.8975,167,8845,READ,OLTP,,
21809.4971,169,14875,READ,OLTP,,
21847.6925,168,8713,READ,OLTP,,
21891.8502,169,16327,WRITE,OLTP,,
21924.0889,165,8313,READ,OLTP,,
21936.4950,171,15654,READ,OLTP,,
21961.5038,165,8323,READ,OLTP,,
21968.2300,170,10012,WRITE,OLTP,,
21981.3028,168,5721,READ,OLTP,,
21984.2258,186,11053,READ,OLTP,,
22037.0524,168,4272,READ,OLTP,,
22041.5545,171,11526,READ,OLTP,,
22049.2406,168,4972,READ,OLTP,,
22074.3652,165,5225,READ,OLTP,,
22119.9068,168,11149,READ,OLTP,,
22137.5116,171,13419,READ,OLTP,,
22139.2852,170,8334,READ,OLTP,,
22158.0340,453,13979,READ,OLTP,,
22178.5038,165,11064,READ,OLTP,,
22194.0138,165,6580,READ,OLTP,,
22209.1176,169,6164,READ,OLTP,,
22216.5659,458,8285,READ,OLTP,,
22270.3653,213,1048576,READ,OLAP,,
22270.8653,214,1048576,READ,OLAP,,
22271.3653,215,1048576,READ,OLAP,,
22271.8653,216,1048576,READ,OLAP,,
22272.3653,217,1048576,READ,OLAP,,
22272.8653,218,1048576,READ,OLAP,,
22273.3653,219,1048576,READ,OLAP,,
22273.8653,220,1048576,READ,OLAP,,
22274.3653,221,1048576,READ,OLAP,,
22274.8653,222,1048576,READ,OLAP,,
22275.3653,223,1048576,READ,OLAP,,
22275.8653,224,1048576,READ,OLAP,,
22276.3653,225,1048576,READ,OLAP,,
22276.8653,226,1048576,READ,OLAP,,
22277.3653,227,1048576,READ,OLAP,,
22277.8653,228,1048576,READ,OLAP,,
22278.3653,229,1048576,READ,OLAP,,
22278.8653,230,1048576,READ,OLAP,,
22279.3653,231,1048576,READ,OLAP,,
22279.8653,232,1048576,READ,OLAP,,
22280.3653,233,1048576,READ,OLAP,,
22280.8653,234,1048576,READ,OLAP,,
22281.3653,235,1048576,READ,OLAP,,
22281.8653,236,1048576,READ,OLAP,,
22282.3653,237,1048576,READ,OLAP,,
22282.8653,238,1048576,READ,OLAP,,
22283.3653,239,1048576,READ,OLAP,,
22283.8653,240,1048576,READ,OLAP,,
22284.3653,241,1048576,READ,OLAP,,
22284.8653,242,1048576,READ,OLAP,,
22285.3653,243,1048576,READ,OLAP,,
22285.8653,244,1048576,READ,OLAP,,
22286.3653,245,1048576,READ,OLAP,,
22286.8653,246,1048576,READ,OLAP,,
22287.3653,247,1048576,READ,OLAP,,
22287.8653,248,1048576,READ,OLAP,,
22288.3653,249,1048576,READ,OLAP,,
22288.8653,250,1048576,READ,OLAP,,
22289.3653,251,1048576,READ,OLAP,,
22289.8653,252,1048576,READ,OLAP,,
22308.2416,446,8066,WRITE,OLTP,,
22321.6624,167,11906,READ,OLTP,,
22364.1332,449,15427,WRITE,OLTP,,
22376.8487,166,15844,READ,OLTP,,
22437.2858,182,7603,READ,OLTP,,
22484.6870,168,8520,READ,OLTP,,
22556.5528,182,11915,READ,OLTP,,
22571.0951,60,14910,READ,OLTP,,
22575.4826,376,4845,READ,OLTP,,
22588.1938,167,4955,READ,OLTP,,
22595.2919,168,6585,READ,OLTP,,
22597.0216,126,10854,READ,OLTP,,
22619.7126,113,14172,READ,OLTP,,
22630.4224,171,7792,READ,OLTP,,
22639.5042,166,9753,WRITE,OLTP,,
22640.7441,183,14709,READ,OLTP,,
22690.6152,170,7228,READ,OLTP,,
22692.9404,349,6414,WRITE,OLTP,,
22708.2846,95,7371,READ,OLTP,,
22753.0511,167,5274,READ,OLTP,,
22785.4605,165,12642,WRITE,OLTP,,
22801.9731,166,8793,WRITE,OLTP,,
22806.0929,169,14442,READ,OLTP,,
22823.2406,48,13411,READ,OLTP,,
22889.5851,169,11889,READ,OLTP,,
22902.5353,167,13140,WRITE,OLTP,,
22915.5805,166,14853,READ,OLTP,,
22938.1409,123,8319,READ,OLTP,,
22943.3816,445,15879,WRITE,OLTP,,
22964.4521,167,13058,READ,OLTP,,
22987.7071,165,8416,READ,OLTP,,
23009.6889,166,5941,WRITE,OLTP,,
23021.0205,167,7130,READ,OLTP,,
23034.9098,186,9630,READ,OLTP,,
23046.4909,168,5129,READ,OLTP,,
23054.4155,171,14872,WRITE,OLTP,,
23091.5245,171,16174,READ,OLTP,,
23094.6932,168,6114,READ,OLTP,,
23095.3246,288,14573,READ,OLTP,,
23121.4861,165,7087,READ,OLTP,,
23150.5331,170,7698,READ,OLTP,,
23151.9079,167,8535,READ,OLTP,,
23176.7296,167,12338,READ,OLTP,,
23202.0194,169,6731,READ,OLTP,,
23215.2636,165,4557,WRITE,OLTP,,
23276.3326,171,10638,READ,OLTP,,
23291.7307,186,14018,WRITE,OLTP,,
23293.8592,170,9275,READ,OLTP,,
23309.6606,171,10750,READ,OLTP,,
23331.8188,165,11424,READ,OLTP,,
23392.2349,183,11613,READ,OLTP,,
23404.3330,167,4349,READ,OLTP,,
23418.4091,169,11635,READ,OLTP,,
23492.9252,180,14112,WRITE,OLTP,,
23498.2089,166,10141,WRITE,OLTP,,
23522.3748,168,8981,READ,OLTP,,
23527.4189,166,6822,WRITE,OLTP,,
23527.6296,57,4941,READ,OLTP,,
23528.9751,451,15915,READ,OLTP,,
23536.4088,168,11725,READ,OLTP,,
23538.9330,169,13457,READ,OLTP,,
23628.9953,166,6258,READ,OLTP,,
23651.4158,165,12167,READ,OLTP,,
23673.5694,165,6750,WRITE,OLTP,,
23679.4629,448,13824,READ,OLTP,,
23687.1561,170,13399,WRITE,OLTP,,
23727.6725,169,6916,READ,OLTP,,
23731.3053,167,4990,READ,OLTP,,
23752.4535,165,9075,READ,OLTP,,
23779.7086,112,15741,READ,OLTP,,
23791.2434,166,14922,READ,OLTP,,
23827.5252,166,7124,READ,OLTP,,
23837.7255,448,11573,WRITE,OLTP,,
23849.2524,165,11554,READ,OLTP,,
23855.8965,456,7384,READ,OLTP,,
23858.2033,171,5571,WRITE,OLTP,,
23897.6687,165,9461,READ,OLTP,,
23924.4915,166,16382,READ,OLTP,,
23946.8650,179,12512,WRITE,OLTP,,
23957.8427,171,15817,READ,OLTP,,
24010.4327,169,5687,READ,OLTP,,
24030.1090,171,12161,READ,OLTP,,
24098.5377,167,14141,WRITE,OLTP,,
24102.2387,180,7386,READ,OLTP,,
24110.0901,170,12268,READ,OLTP,,
24131.3508,170,8557,READ,OLTP,,
24160.3991,169,12832,READ,OLTP,,
24172.0362,166,11243,READ,OLTP,,
24178.7713,170,6256,WRITE,OLTP,,
24194.1293,169,7522,WRITE,OLTP,,
24207.0691,168,15387,READ,OLTP,,
24224.9172,171,11315,READ,OLTP,,
24279.6512,167,6689,READ,OLTP,,
24283.5186,291,15242,READ,OLTP,,
24290.6458,289,8046,WRITE,OLTP,,
24335.8965,181,5906,READ,OLTP,,
24337.2665,449,7120,READ,OLTP,,
24367.4916,169,7449,READ,OLTP,,
24380.9738,184,4946,READ,OLTP,,
24391.9947,169,15925,READ,OLTP,,
24404.6881,290,13316,READ,OLTP,,
24420.1838,288,14676,WRITE,OLTP,,
24423.6911,165,7495,WRITE,OLTP,,
24424.0220,168,4517,WRITE,OLTP,,
24428.2897,171,10184,WRITE,OLTP,,
24451.1602,168,5320,READ,OLTP,,
24458.9410,166,11782,READ,OLTP,,
24469.2417,167,12038,READ,OLTP,,
24521.3268,171,5614,WRITE,OLTP,,
24530.3868,182,14363,READ,OLTP,,
24538.9237,182,5678,READ,OLTP,,
24544.1322,171,16123,READ,OLTP,,
24562.1006,167,5711,READ,OLTP,,
24575.7798,169,5695,READ,OLTP,,
24604.2880,170,8841,READ,OLTP,,
24623.6677,167,9936,READ,OLTP,,
24639.2666,447,8729,READ,OLTP,,
24644.1766,168,10404,READ,OLTP,,
24680.7463,169,13474,WRITE,OLTP,,
24716.5449,169,14580,READ,OLTP,,
24751.7930,168,16361,READ,OLTP,,
24773.0965,171,10076,READ,OLTP,,
24799.9498,167,14637,READ,OLTP,,
24802.2651,168,4574,READ,OLTP,,
24807.2923,183,9452,READ,OLTP,,
24841.2662,60,5023,WRITE,OLTP,,
24850.0812,165,12092,READ,OLTP,,
24864.9897,166,10246,WRITE,OLTP,,
24894.5289,171,16154,READ,OLTP,,
24896.1946,170,5754,WRITE,OLTP,,
24918.4787,169,7704,READ,OLTP,,
24969.2038,184,10394,READ,OLTP,,
24970.6076,293,9039,WRITE,OLTP,,
24991.2574,165,11327,READ,OLTP,,
25006.9803,59,5642,WRITE,OLTP,,
25025.4805,169,10327,READ,OLTP,,
25078.1017,169,6309,READ,OLTP,,
25101.0814,165,11206,READ,OLTP,,
25104.9162,170,8428,READ,OLTP,,
25126.0779,186,4288,WRITE,OLTP,,
25137.1372,166,5556,READ,OLTP,,
25159.1873,183,12643,READ,OLTP,,
25161.5387,168,12517,WRITE,OLTP,,
25163.7673,166,4550,READ,OLTP,,
25169.2621,113,4955,READ,OLTP,,
25170.7508,170,10264,WRITE,OLTP,,
25200.2415,171,6278,READ,OLTP,,
25212.1220,289,5956,READ,OLTP,,
25271.5268,165,15163,WRITE,OLTP,,
25301.0279,165,9055,WRITE,OLTP,,
25321.0800,183,8501,READ,OLTP,,
25376.0192,168,14029,WRITE,OLTP,,
25420.6637,166,9517,READ,OLTP,,
25440.8644,60,14427,READ,OLTP,,
25462.6359,288,10137,READ,OLTP,,
25502.1275,170,14971,WRITE,OLTP,,
25515.3100,170,11798,WRITE,OLTP,,
25577.8992,170,12622,READ,OLTP,,
25651.4817,168,11535,WRITE,OLTP,,
25677.2762,292,10660,WRITE,OLTP,,
25744.4689,171,10378,READ,OLTP,,
25745.7975,167,13955,WRITE,OLTP,,
25784.7083,171,14057,READ,OLTP,,
25786.1450,166,4953,READ,OLTP,,
25805.0845,445,4205,READ,OLTP,,
25806.5575,167,4485,READ,OLTP,,
25816.3744,165,13935,READ,OLTP,,
25840.8742,170,14939,WRITE,OLTP,,
25841.8126,114,14195,READ,OLTP,,
25863.8672,165,12972,READ,OLTP,,
25894.0300,167,11181,READ,OLTP,,
25918.4097,180,9372,READ,OLTP,,
25965.6243,167,10446,READ,OLTP,,
25972.4957,171,7231,READ,OLTP,,
25980.4755,169,9572,WRITE,OLTP,,
26012.2857,165,16039,WRITE,OLTP,,
26017.7536,169,6369,READ,OLTP,,
26018.7500,168,6731,READ,OLTP,,
26033.5422,167,4608,READ,OLTP,,
26037.2040,171,7206,READ,OLTP,,
26051.2246,185,9835,READ,OLTP,,
26072.2515,168,15694,READ,OLTP,,
26080.2668,452,10403,READ,OLTP,,
26107.8546,170,13432,WRITE,OLTP,,
26120.7317,446,13085,READ,OLTP,,
26127.7368,165,14545,WRITE,OLTP,,
26133.3309,169,9750,READ,OLTP,,
26136.0923,170,15632,READ,OLTP,,
26140.5542,165,12706,WRITE,OLTP,,
26166.1186,184,15864,READ,OLTP,,
26183.2663,455,15095,WRITE,OLTP,,
26201.4843,169,8921,READ,OLTP,,
26203.2962,167,12331,READ,OLTP,,
26246.4327,166,7124,WRITE,OLTP,,
26259.4919,171,5888,WRITE,OLTP,,
26355.4704,169,11002,READ,OLTP,,
26370.2198,167,15341,READ,OLTP,,
26374.9217,170,8799,READ,OLTP,,
26389.0597,293,11106,READ,OLTP,,
26402.1446,292,8231,READ,OLTP,,
26428.2543,456,12423,READ,OLTP,,
26429.6944,165,11205,READ,OLTP,,
26436.0035,169,10075,READ,OLTP,,
26449.5038,186,15084,WRITE,OLTP,,
26455.2172,165,10631,WRITE,OLTP,,
26461.3612,184,10819,READ,OLTP,,
26483.9947,453,10354,READ,OLTP,,
26502.1407,168,8262,WRITE,OLTP,,
26506.5877,182,15706,READ,OLTP,,
26507.9861,170,6420,READ,OLTP,,
26508.4618,166,7471,READ,OLTP,,
26559.2058,185,14329,READ,OLTP,,
26570.4173,166,13466,READ,OLTP,,
26576.8706,168,11927,READ,OLTP,,
26582.7983,165,12054,READ,OLTP,,
26589.2276,186,6763,READ,OLTP,,
26605.4135,166,12623,READ,OLTP,,
26606.4328,171,14072,READ,OLTP,,
26644.7719,166,6519,READ,OLTP,,
26664.4316,170,5079,READ,OLTP,,
26690.7067,167,11309,WRITE,OLTP,,
26711.6683,166,5179,READ,OLTP,,
26728.6626,181,5533,READ,OLTP,,
26735.3581,167,7694,READ,OLTP,,
26778.0423,166,12657,WRITE,OLTP,,
26778.2146,171,13732,READ,OLTP,,
26810.4586,455,11865,READ,OLTP,,
26828.9499,168,10553,READ,OLTP,,
26829.0970,180,11854,READ,OLTP,,
26832.5826,166,12595,READ,OLTP,,
26877.4345,171,12762,READ,OLTP,,
26905.4556,170,15236,READ,OLTP,,
26915.9285,447,6346,WRITE,OLTP,,
26959.0955,166,16220,READ,OLTP,,
26977.9264,55,4618,READ,OLTP,,
27007.1334,171,14407,READ,OLTP,,
27008.1843,182,5770,WRITE,OLTP,,
27049.4281,169,9480,WRITE,OLTP,,
27054.9867,167,4523,READ,OLTP,,
27063.3280,171,10792,WRITE,OLTP,,
27085.6138,452,10150,READ,OLTP,,
27095.2244,167,4115,READ,OLTP,,
27109.7804,182,13789,READ,OLTP,,
27131.9821,171,5061,READ,OLTP,,
27166.8147,167,7825,READ,OLTP,,
27174.8105,57,9480,WRITE,OLTP,,
27196.6046,186,14623,READ,OLTP,,
27202.0330,165,8107,READ,OLTP,,
27220.3049,169,14275,READ,OLTP,,
27226.4718,170,10523,READ,OLTP,,
27232.4814,167,10751,WRITE,OLTP,,
27238.4178,184,4166,READ,OLTP,,
27239.7855,165,14588,READ,OLTP,,
27248.9008,171,15757,READ,OLTP,,
27257.0570,171,8974,WRITE,OLTP,,
27262.8086,165,10016,READ,OLTP,,
27280.3656,449,9587,WRITE,OLTP,,
27289.5137,183,6098,READ,OLTP,,
27304.2297,167,11346,READ,OLTP,,
27304.4508,169,11956,WRITE,OLTP,,
27350.3470,183,15101,WRITE,OLTP,,
27422.6483,167,11186,READ,OLTP,,
27448.1910,171,8625,READ,OLTP,,
27497.2086,170,12790,READ,OLTP,,
27504.4895,168,4591,WRITE,OLTP,,
27510.9674,167,16252,READ,OLTP,,
27548.9758,455,5898,WRITE,OLTP,,
27621.6249,171,9502,READ,OLTP,,
27625.9217,167,5209,WRITE,OLTP,,
27632.5267,115,4097,READ,OLTP,,
27633.1800,166,9470,READ,OLTP,,
27714.8528,448,6560,READ,OLTP,,
27726.7819,282,15341,WRITE,OLTP,,
27727.0956,168,9108,READ,OLTP,,
27754.9296,169,8869,READ,OLTP,,
27786.3617,167,7196,READ,OLTP,,
27786.5229,167,11920,WRITE,OLTP,,
27818.7998,168,10082,READ,OLTP,,
27824.2344,167,10324,READ,OLTP,,
27844.0239,169,11860,WRITE,OLTP,,
27861.1003,169,12584,READ,OLTP,,
27884.1396,47,10533,WRITE,OLTP,,
27902.3336,60,12588,WRITE,OLTP,,
27903.2716,180,4752,READ,OLTP,,
27904.9115,180,4605,READ,OLTP,,
27985.4836,169,4405,READ,OLTP,,
27992.6631,113,4111,WRITE,OLTP,,
28018.7194,168,4438,READ,OLTP,,
28033.1879,166,12631,READ,OLTP,,
28044.8694,171,12511,WRITE,OLTP,,
28091.6163,171,14872,WRITE,OLTP,,
28125.2749,165,9089,WRITE,OLTP,,
28132.7500,169,5686,READ,OLTP,,
28137.1541,170,10869,READ,OLTP,,
28143.8305,166,10734,READ,OLTP,,
28161.8619,167,9007,READ,OLTP,,
28166.6169,165,12847,READ,OLTP,,
28166.8253,455,12584,WRITE,OLTP,,
28169.0808,451,11318,READ,OLTP,,
28174.1694,289,16269,READ,OLTP,,
28199.0364,168,9363,READ,OLTP,,
28215.4945,165,11630,READ,OLTP,,
28218.0893,171,4516,READ,OLTP,,
28224.2800,169,6621,WRITE,OLTP,,
28239.9363,170,8571,WRITE,OLTP,,
28264.6884,451,13017,WRITE,OLTP,,
28346.5539,170,7859,WRITE,OLTP,,
28355.4292,170,6723,WRITE,OLTP,,
28369.3708,170,16012,WRITE,OLTP,,
28386.4481,448,12556,READ,OLTP,,
28412.9532,168,4470,WRITE,OLTP,,
28435.8962,170,11150,WRITE,OLTP,,
28442.8834,168,8673,READ,OLTP,,
28470.0189,169,4237,READ,OLTP,,
28471.2267,184,5787,READ,OLTP,,
28486.2785,168,6413,WRITE,OLTP,,
28491.5461,186,8707,WRITE,OLTP,,
28518.0602,169,6883,READ,OLTP,,
28526.3868,167,14611,READ,OLTP,,
28533.2944,165,8736,READ,OLTP,,
28549.5247,182,8688,READ,OLTP,,
28565.7871,180,14961,READ,OLTP,,
28577.2321,168,8518,WRITE,OLTP,,
28598.3146,110,12823,READ,OLTP,,
28648.2530,168,11886,READ,OLTP,,
28665.4026,183,9991,WRITE,OLTP,,
28691.8922,289,7421,WRITE,OLTP,,
28767.2071,61,9081,READ,OLTP,,
28808.9172,171,4807,READ,OLTP,,
28826.1347,165,4464,WRITE,OLTP,,
28844.7214,171,9729,READ,OLTP,,
28886.8205,446,6771,READ,OLTP,,
28893.4248,171,15982,WRITE,OLTP,,
28968.1474,165,14907,READ,OLTP,,
28969.3312,167,13075,READ,OLTP,,
28981.0368,170,8736,WRITE,OLTP,,
29001.8758,169,6959,READ,OLTP,,
29030.3420,41,7464,READ,OLTP,,
29032.9466,167,11293,READ,OLTP,,
29069.5911,168,15653,READ,OLTP,,
29088.9669,181,9250,WRITE,OLTP,,
29103.5392,181,6824,READ,OLTP,,
29116.4930,169,7296,READ,OLTP,,
29120.5387,170,13934,READ,OLTP,,
29121.6474,185,16201,WRITE,OLTP,,
29146.7299,447,8783,READ,OLTP,,
29182.4122,144,4533,READ,OLTP,,
29201.9819,184,8582,READ,OLTP,,
29202.7472,57,14122,WRITE,OLTP,,
29268.2471,114,8200,READ,OLTP,,
29283.8368,170,6285,READ,OLTP,,
29323.2459,47,7415,READ,OLTP,,
29442.2972,184,7997,READ,OLTP,,
29443.1419,181,7333,WRITE,OLTP,,
29448.4416,171,11779,READ,OLTP,,
29488.8526,165,7558,READ,OLTP,,
29521.9885,170,4435,WRITE,OLTP,,
29544.8920,171,9808,WRITE,OLTP,,
29592.9794,170,15387,READ,OLTP,,
29631.7525,165,9544,READ,OLTP,,
29639.5098,169,14732,READ,OLTP,,
29664.4716,170,4331,WRITE,OLTP,,
29686.6296,169,8785,WRITE,OLTP,,
29693.0736,171,8940,READ,OLTP,,
29712.9104,166,10276,READ,OLTP,,
29715.8551,167,14166,READ,OLTP,,
29723.5642,170,14401,READ,OLTP,,
29734.5192,165,13348,WRITE,OLTP,,
29738.6057,168,5854,WRITE,OLTP,,
29757.7462,169,5651,WRITE,OLTP,,
29760.0248,169,15012,READ,OLTP,,
29765.1566,166,6643,WRITE,OLTP,,
29786.9262,178,12110,WRITE,OLTP,,
29852.0014,168,11828,WRITE,OLTP,,
29852.3418,169,14521,READ,OLTP,,
29865.7140,290,11821,WRITE,OLTP,,
29876.3913,166,5557,READ,OLTP,,
29877.0401,170,4712,READ,OLTP,,
29882.0571,170,9573,READ,OLTP,,
29941.6433,170,7917,WRITE,OLTP,,
29944.9761,166,6824,READ,OLTP,,
30031.5766,169,10374,WRITE,OLTP,,
30051.9181,170,6993,WRITE,OLTP,,
30057.3248,448,12474,READ,OLTP,,
30097.7510,289,8663,WRITE,OLTP,,
30176.5141,170,11008,READ,OLTP,,
30329.1055,169,8153,WRITE,OLTP,,
30334.8451,166,11999,WRITE,OLTP,,
30336.0216,168,6956,READ,OLTP,,
30377.2569,166,14990,READ,OLTP,,
30420.7830,61,9718,WRITE,OLTP,,
30425.1763,166,14863,READ,OLTP,,
30427.5842,167,7630,READ,OLTP,,
30462.3191,166,6561,READ,OLTP,,
30470.7740,171,6247,READ,OLTP,,
30485.7041,168,14765,READ,OLTP,,
30496.3685,167,13443,READ,OLTP,,
30508.4143,166,6692,READ,OLTP,,
30520.0728,171,12496,WRITE,OLTP,,
30525.1090,171,4138,READ,OLTP,,
30527.0813,170,5950,READ,OLTP,,
30600.9188,165,13694,WRITE,OLTP,,
30601.0951,170,12628,READ,OLTP,,
30629.0480,171,15239,WRITE,OLTP,,
30669.5146,169,11974,WRITE,OLTP,,
30704.5984,170,5369,READ,OLTP,,
30712.6545,171,6013,WRITE,OLTP,,
30725.3391,291,13343,READ,OLTP,,
30747.4897,165,11913,READ,OLTP,,
30768.9010,168,5088,READ,OLTP,,
30780.3186,447,16254,READ,OLTP,,
30787.8536,170,15342,READ,OLTP,,
30840.4625,171,15990,WRITE,OLTP,,
30876.5233,167,9795,READ,OLTP,,
30885.7966,170,15762,WRITE,OLTP,,
30892.5710,170,10087,WRITE,OLTP,,
30908.7598,182,9265,READ,OLTP,,
30956.0535,141,15283,WRITE,OLTP,,
30966.5043,60,12309,READ,OLTP,,
31044.0842,170,7832,READ,OLTP,,
31049.1965,169,13717,WRITE,OLTP,,
31073.3532,183,10740,READ,OLTP,,
31075.2209,166,7057,READ,OLTP,,
31087.1125,171,5335,READ,OLTP,,
31089.2113,183,10014,READ,OLTP,,
31097.7110,169,6271,READ,OLTP,,
31102.6708,183,9422,WRITE,OLTP,,
31105.1920,169,10666,READ,OLTP,,
31120.8924,450,8190,WRITE,OLTP,,
31131.4522,166,14743,WRITE,OLTP,,
31178.6849,55,9856,READ,OLTP,,
31181.4162,171,8655,READ,OLTP,,
31194.9260,376,11992,READ,OLTP,,
31230.3091,348,4165,READ,OLTP,,
31236.9502,165,11670,READ,OLTP,,
31263.5846,165,6954,WRITE,OLTP,,
31350.9140,165,8654,READ,OLTP,,
31372.6279,167,10209,READ,OLTP,,
31404.0923,166,9554,READ,OLTP,,
31431.6091,171,4880,WRITE,OLTP,,
31450.7471,449,15497,READ,OLTP,,
31452.3973,166,5860,READ,OLTP,,
31456.1844,168,7325,READ,OLTP,,
31476.5522,165,6859,READ,OLTP,,
31495.9355,294,9760,READ,OLTP,,
31519.4722,167,14452,READ,OLTP,,
31519.5262,168,13680,READ,OLTP,,
31529.3185,170,9340,READ,OLTP,,
31536.3235,166,10310,WRITE,OLTP,,
31543.3618,185,5802,READ,OLTP,,
31559.8010,165,11917,READ,OLTP,,
31601.5438,165,10701,WRITE,OLTP,,
31609.0412,180,7937,READ,OLTP,,
31626.8136,57,11162,READ,OLTP,,
31629.3325,165,14636,WRITE,OLTP,,
31634.3975,168,11675,WRITE,OLTP,,
31683.7353,166,4976,READ,OLTP,,
31686.5851,451,13174,WRITE,OLTP,,
31707.9673,184,15953,READ,OLTP,,
31729.2467,166,11064,READ,OLTP,,
31751.7961,185,8305,READ,OLTP,,
31784.4236,167,4735,WRITE,OLTP,,
31787.7927,170,11244,READ,OLTP,,
31792.9294,447,11401,READ,OLTP,,
31815.8504,169,10621,READ,OLTP,,
31819.0306,169,11539,WRITE,OLTP,,
31823.7984,166,14997,WRITE,OLTP,,
31846.9625,169,10274,WRITE,OLTP,,
31868.2080,165,9857,WRITE,OLTP,,
31871.4355,169,5871,READ,OLTP,,
31871.9920,165,5760,WRITE,OLTP,,
31890.2510,167,6628,WRITE,OLTP,,
31895.4244,167,8950,READ,OLTP,,
31915.5818,166,11800,READ,OLTP,,
31920.8293,170,5394,WRITE,OLTP,,
31932.7572,165,13564,READ,OLTP,,
31934.2933,169,16103,READ,OLTP,,
31939.3848,165,4994,READ,OLTP,,
31980.9598,167,15132,READ,OLTP,,
32023.0042,170,13447,READ,OLTP,,
32037.1700,91,15153,READ,OLTP,,
32058.4772,181,9638,WRITE,OLTP,,
32071.7791,168,15716,READ,OLTP,,
32086.5217,168,11819,READ,OLTP,,
32092.2579,169,13923,WRITE,OLTP,,
32105.8456,166,13752,WRITE,OLTP,,
32106.6405,179,9187,READ,OLTP,,
32106.9626,166,5128,WRITE,OLTP,,
32130.3857,180,9131,READ,OLTP,,
32146.6213,170,13058,WRITE,OLTP,,
32164.7741,165,11167,WRITE,OLTP,,
32169.7924,170,13232,WRITE,OLTP,,
32182.6196,293,4565,READ,OLTP,,
32200.0283,168,9847,READ,OLTP,,
32204.7783,456,14664,READ,OLTP,,
32238.5869,116,7263,READ,OLTP,,
32292.7332,168,10195,WRITE,OLTP,,
32303.5497,169,11156,WRITE,OLTP,,
32318.9010,170,9194,READ,OLTP,,
32334.6068,170,11308,WRITE,OLTP,,
32342.7949,167,4984,READ,OLTP,,
32355.5941,165,9051,READ,OLTP,,
32360.3894,184,9558,READ,OLTP,,
32386.6321,166,10557,READ,OLTP,,
32387.1233,170,8143,READ,OLTP,,
32387.2323,353,13150,READ,OLTP,,
32408.5397,114,13865,READ,OLTP,,
32416.5198,171,13834,READ,OLTP,,
32460.6426,170,11217,READ,OLTP,,
32485.9248,184,15706,READ,OLTP,,
32515.9776,170,8709,READ,OLTP,,
32561.9743,170,16061,READ,OLTP,,
32568.0098,61,4427,READ,OLTP,,
32596.4545,166,4385,WRITE,OLTP,,
32642.5741,449,16208,READ,OLTP,,
32740.9207,165,15216,READ,OLTP,,
32741.6873,168,14238,READ,OLTP,,
32743.4245,171,14933,WRITE,OLTP,,
32746.4310,171,8515,READ,OLTP,,
32756.4807,166,16353,READ,OLTP,,
32764.6406,171,12323,WRITE,OLTP,,
32793.8208,166,13830,READ,OLTP,,
32796.8930,454,8552,READ,OLTP,,
32803.0140,292,15733,READ,OLTP,,
32818.7568,168,13132,READ,OLTP,,
32825.9955,168,16154,READ,OLTP,,
32836.8281,165,16050,WRITE,OLTP,,
32844.0202,185,5745,WRITE,OLTP,,
32849.5741,169,14272,READ,OLTP,,
32856.4004,166,5575,WRITE,OLTP,,
32876.7364,290,13709,WRITE,OLTP,,
32918.7866,166,10993,READ,OLTP,,
32957.5368,165,14130,READ,OLTP,,
32960.9083,165,15350,WRITE,OLTP,,
32967.1755,166,6453,READ,OLTP,,
32985.8779,170,10630,WRITE,OLTP,,
33011.7789,171,7410,READ,OLTP,,
33024.4410,184,10326,READ,OLTP,,
33027.4438,166,12822,WRITE,OLTP,,
33027.7104,169,14631,WRITE,OLTP,,
33029.5308,167,9573,WRITE,OLTP,,
33046.7949,166,11282,READ,OLTP,,
33067.7403,109,15220,WRITE,OLTP,,
33078.0581,166,14228,WRITE,OLTP,,
33133.9182,167,6492,READ,OLTP,,
33138.9181,170,11514,READ,OLTP,,
33148.0974,57,11056,WRITE,OLTP,,
33161.8768,170,10457,READ,OLTP,,
33193.9428,165,4580,READ,OLTP,,
33218.9620,167,10214,WRITE,OLTP,,
33263.7102,183,5645,WRITE,OLTP,,
33275.0510,350,13860,READ,OLTP,,
33282.9883,165,4555,WRITE,OLTP,,
33290.7717,170,5609,READ,OLTP,,
33297.2570,168,15967,READ,OLTP,,
33298.5888,170,8261,READ,OLTP,,
33372.6808,171,15689,WRITE,OLTP,,
33384.7086,166,5291,WRITE,OLTP,,
33471.8194,169,13556,READ,OLTP,,
33485.1092,289,12192,WRITE,OLTP,,
33496.4599,165,15778,READ,OLTP,,
33517.7505,170,9072,READ,OLTP,,
33527.7615,181,14599,READ,OLTP,,
33547.5429,169,15092,WRITE,OLTP,,
33551.9596,171,9764,READ,OLTP,,
33567.7659,182,8287,READ,OLTP,,
33648.2598,171,13104,WRITE,OLTP,,
33664.5661,170,15373,READ,OLTP,,
33692.6150,446,13675,READ,OLTP,,
33736.3199,169,7926,READ,OLTP,,
33744.3162,171,5702,WRITE,OLTP,,
33761.9717,168,15690,READ,OLTP,,
33769.5910,165,16078,WRITE,OLTP,,
33786.1296,183,15136,WRITE,OLTP,,
33810.6591,186,15836,READ,OLTP,,
33813.7176,166,7648,WRITE,OLTP,,
33828.5123,165,8977,READ,OLTP,,
33852.6330,167,10631,READ,OLTP,,
33928.8042,165,7754,WRITE,OLTP,,
33934.4304,165,5010,READ,OLTP,,
33967.5484,170,9545,WRITE,OLTP,,
33975.5277,168,11728,READ,OLTP,,
33980.2028,170,5666,READ,OLTP,,
33992.5395,165,12438,READ,OLTP,,
34012.3690,446,9435,WRITE,OLTP,,
34013.9231,180,9755,READ,OLTP,,
34018.3006,167,15222,READ,OLTP,,
34019.4068,451,9399,READ,OLTP,,
34043.7253,165,6290,WRITE,OLTP,,
34049.2179,165,10166,READ,OLTP,,
34072.4570,185,7026,WRITE,OLTP,,
34084.1760,167,13787,READ,OLTP,,
34092.6106,453,9183,WRITE,OLTP,,
34162.9914,171,6551,WRITE,OLTP,,
34166.7841,167,8481,WRITE,OLTP,,
34204.1003,165,14359,READ,OLTP,,
34208.6193,171,10881,READ,OLTP,,
34215.4314,169,12907,READ,OLTP,,
34251.2563,167,11424,READ,OLTP,,
34273.9032,168,8973,READ,OLTP,,
34279.6497,183,6193,READ,OLTP,,
34329.1653,169,16065,READ,OLTP,,
34339.2575,169,5454,READ,OLTP,,
34381.3902,169,11263,WRITE,OLTP,,
34384.9429,289,6932,WRITE,OLTP,,
34393.2014,58,10365,WRITE,OLTP,,
34426.4665,455,15406,WRITE,OLTP,,
34449.2887,171,10608,READ,OLTP,,
34489.0620,447,13685,READ,OLTP,,
34495.5280,184,8304,READ,OLTP,,
34525.0503,58,6649,READ,OLTP,,
34566.0729,166,10580,WRITE,OLTP,,
34589.7796,59,10108,READ,OLTP,,
34612.0334,169,5245,READ,OLTP,,
34620.6031,166,7266,WRITE,OLTP,,
34649.7407,165,11544,READ,OLTP,,
34687.2344,170,11680,READ,OLTP,,
34704.3062,166,8275,WRITE,OLTP,,
34726.1252,169,6339,READ,OLTP,,
34782.3591,171,12212,READ,OLTP,,
34785.5740,169,7077,READ,OLTP,,
34804.2469,165,11516,READ,OLTP,,
34814.4262,183,6165,WRITE,OLTP,,
34818.7734,281,16292,READ,OLTP,,
34827.6402,168,14770,READ,OLTP,,
34867.1713,165,13167,READ,OLTP,,
34871.9033,167,14143,WRITE,OLTP,,
34892.6602,186,4194,READ,OLTP,,
34912.7508,170,15836,READ,OLTP,,
34921.1496,165,5571,READ,OLTP,,
34922.9592,169,10180,READ,OLTP,,
34940.3217,456,10182,WRITE,OLTP,,
34958.3435,165,12262,READ,OLTP,,
34960.9485,168,10733,READ,OLTP,,
34977.0821,167,7869,READ,OLTP,,
34990.8230,171,9949,READ,OLTP,,
35002.3747,167,9146,READ,OLTP,,
35078.7637,165,13097,READ,OLTP,,
35127.9549,171,13186,READ,OLTP,,
35253.4942,165,15574,READ,OLTP,,
35255.1243,450,11680,WRITE,OLTP,,
35256.0030,450,4858,WRITE,OLTP,,
35268.9025,171,15357,READ,OLTP,,
35398.7901,166,11800,READ,OLTP,,
35435.5205,166,13762,READ,OLTP,,
35453.6650,168,7644,READ,OLTP,,
35487.3185,168,12222,READ,OLTP,,
35501.6348,186,8895,WRITE,OLTP,,
35514.7137,61,14012,READ,OLTP,,
35517.1979,167,15828,READ,OLTP,,
35519.4633,170,15853,READ,OLTP,,
35549.3395,166,4920,READ,OLTP,,
35557.8933,166,4538,READ,OLTP,,
35559.6708,170,6617,READ,OLTP,,
35561.8160,294,13029,READ,OLTP,,
35563.2591,293,10288,WRITE,OLTP,,
35608.0350,171,10746,WRITE,OLTP,,
35620.6527,171,13286,WRITE,OLTP,,
35631.6681,293,10755,READ,OLTP,,
35643.2855,170,15790,WRITE,OLTP,,
35654.1593,168,13157,READ,OLTP,,
35655.8224,169,16051,READ,OLTP,,
35668.3933,166,5854,WRITE,OLTP,,
35695.3457,166,15499,WRITE,OLTP,,
35715.3401,167,11617,WRITE,OLTP,,
35722.4564,450,13654,READ,OLTP,,
35722.6754,169,7908,READ,OLTP,,
35733.1903,168,9631,WRITE,OLTP,,
35790.8210,169,12075,READ,OLTP,,
35819.0583,167,7594,READ,OLTP,,
35838.4344,166,14489,READ,OLTP,,
35870.6508,169,14697,WRITE,OLTP,,
35905.4182,170,5281,READ,OLTP,,
35910.3532,166,13285,WRITE,OLTP,,
35930.6895,169,11610,WRITE,OLTP,,
35991.8427,451,12824,READ,OLTP,,
36001.4997,165,15115,READ,OLTP,,
36011.1741,167,13575,WRITE,OLTP,,
36018.3245,167,5990,READ,OLTP,,
36096.1840,171,15359,READ,OLTP,,
36138.0848,458,9871,READ,OLTP,,
36147.4135,170,10809,READ,OLTP,,
36173.0684,171,4751,READ,OLTP,,
36225.3752,184,7233,READ,OLTP,,
36288.9783,165,9386,WRITE,OLTP,,
36290.3873,181,4240,READ,OLTP,,
36302.3974,171,5808,READ,OLTP,,
36358.9550,169,7047,READ,OLTP,,
36371.5039,171,13885,READ,OLTP,,
36375.1542,182,12161,READ,OLTP,,
36403.4178,170,13216,READ,OLTP,,
36404.8342,186,8628,WRITE,OLTP,,
36469.1833,166,12008,READ,OLTP,,
36499.6043,167,6513,READ,OLTP,,
36608.9910,165,12865,WRITE,OLTP,,
36612.4372,171,5725,READ,OLTP,,
36631.1741,167,6014,READ,OLTP,,
36635.8082,165,4520,WRITE,OLTP,,
36650.0619,58,13245,READ,OLTP,,
36666.8306,170,11109,READ,OLTP,,
36670.6790,166,5228,READ,OLTP,,
36676.8476,168,12178,WRITE,OLTP,,
36676.8707,171,11157,WRITE,OLTP,,
36680.7992,169,15821,READ,OLTP,,
36699.3150,168,5354,WRITE,OLTP,,
36703.8924,169,13705,READ,OLTP,,
36704.0482,279,14590,READ,OLTP,,
36717.8620,171,6014,WRITE,OLTP,,
36728.0582,168,11026,WRITE,OLTP,,
36741.7096,184,6623,READ,OLTP,,
36783.3982,181,15403,READ,OLTP,,
36798.9051,171,15974,READ,OLTP,,
36807.4945,165,12890,READ,OLTP,,
36813.7976,169,7665,READ,OLTP,,
36859.3122,169,10545,READ,OLTP,,
36861.4550,168,10737,READ,OLTP,,
36888.8083,169,7443,READ,OLTP,,
36898.2616,171,13977,WRITE,OLTP,,
36931.9884,169,9403,READ,OLTP,,
36937.6346,450,11955,WRITE,OLTP,,
36980.8686,169,6209,WRITE,OLTP,,
36984.8974,169,4578,READ,OLTP,,
37017.9127,168,11446,READ,OLTP,,
37023.4598,171,9898,READ,OLTP,,
37047.4975,453,15713,READ,OLTP,,
37058.6021,166,10640,READ,OLTP,,
37072.3400,165,14644,READ,OLTP,,
37085.8186,181,10697,READ,OLTP,,
37088.1670,456,7363,READ,OLTP,,
37193.5194,169,5468,WRITE,OLTP,,
37213.1617,288,12915,WRITE,OLTP,,
37220.0690,167,15936,READ,OLTP,,
37228.3058,169,10290,READ,OLTP,,
37243.6956,166,10240,READ,OLTP,,
37261.0708,169,4288,READ,OLTP,,
37286.1965,166,12358,READ,OLTP,,
37296.5945,169,13070,READ,OLTP,,
37308.1433,165,13513,READ,OLTP,,
37392.1679,168,14456,WRITE,OLTP,,
37422.1848,170,7199,READ,OLTP,,
37442.0646,166,9125,READ,OLTP,,
37457.4177,165,4418,READ,OLTP,,
37466.6153,449,15223,WRITE,OLTP,,
37543.0653,165,11658,READ,OLTP,,
37551.5144,170,14331,READ,OLTP,,
37608.4260,58,15280,READ,OLTP,,
37654.1241,289,13470,READ,OLTP,,
37659.1979,166,15024,READ,OLTP,,
37668.1532,171,4966,READ,OLTP,,
37679.3745,166,14880,READ,OLTP,,
37683.2356,166,10413,WRITE,OLTP,,
37713.0894,168,6598,WRITE,OLTP,,
37725.8329,170,10496,WRITE,OLTP,,
37736.5886,167,14954,WRITE,OLTP,,
37739.7840,127,6512,WRITE,OLTP,,
37742.3819,167,5031,WRITE,OLTP,,
37755.3021,170,13327,READ,OLTP,,
37764.9538,59,7597,READ,OLTP,,
37768.6198,143,4369,READ,OLTP,,
37801.0478,181,14240,READ,OLTP,,
37837.6516,292,7852,READ,OLTP,,
37880.5590,168,5241,WRITE,OLTP,,
37896.5079,171,14501,READ,OLTP,,
37939.8552,171,13691,READ,OLTP,,
37941.2961,166,15983,READ,OLTP,,
37976.3278,167,13872,READ,OLTP,,
37990.2484,171,12404,READ,OLTP,,
38000.1637,170,15243,READ,OLTP,,
38055.5252,165,4790,READ,OLTP,,
38058.1525,447,14620,READ,OLTP,,
38059.6603,186,12638,READ,OLTP,,
38087.1722,166,12913,READ,OLTP,,
38119.4397,169,14664,WRITE,OLTP,,
38131.3849,140,6151,WRITE,OLTP,,
38145.9377,181,13747,READ,OLTP,,
38161.9526,165,5526,READ,OLTP,,
38202.8458,169,9905,READ,OLTP,,
38221.5522,167,5079,READ,OLTP,,
38223.4653,171,9615,WRITE,OLTP,,
38228.8566,447,7919,READ,OLTP,,
38277.9562,348,10562,READ,OLTP,,
38296.8365,170,7929,READ,OLTP,,
38307.5965,168,6344,READ,OLTP,,
38308.6159,170,16275,READ,OLTP,,
38309.0969,169,8707,READ,OLTP,,
38310.0375,117,14591,WRITE,OLTP,,
38325.4630,167,4934,READ,OLTP,,
38369.5890,168,5246,READ,OLTP,,
38392.0561,168,5418,WRITE,OLTP,,
38396.4309,180,9881,READ,OLTP,,
38417.5765,449,10508,READ,OLTP,,
38417.9058,184,13942,WRITE,OLTP,,
38455.8182,165,11806,READ,OLTP,,
38512.5663,168,8912,READ,OLTP,,
38514.8681,165,11648,READ,OLTP,,
38520.2921,170,10509,WRITE,OLTP,,
38520.3354,170,4149,READ,OLTP,,
38521.6748,168,14867,READ,OLTP,,
38530.8020,284,12272,READ,OLTP,,
38542.3802,287,15360,WRITE,OLTP,,
38546.4664,184,10926,READ,OLTP,,
38577.4338,448,6201,READ,OLTP,,
38600.3105,165,4665,READ,OLTP,,
38601.5192,165,14181,READ,OLTP,,
38609.1595,180,9227,READ,OLTP,,
38622.6155,115,9621,WRITE,OLTP,,
38623.2717,182,15144,WRITE,OLTP,,
38632.0112,165,4373,WRITE,OLTP,,
38680.1657,166,13697,WRITE,OLTP,,
38691.4632,168,7820,READ,OLTP,,
38714.6906,171,8164,READ,OLTP,,
38747.8566,165,15027,WRITE,OLTP,,
38767.5697,170,15077,READ,OLTP,,
38804.3487,168,6355,WRITE,OLTP,,
38811.0085,182,6135,READ,OLTP,,
38812.4181,445,6126,READ,OLTP,,
38813.4693,184,13127,WRITE,OLTP,,
38835.7274,171,15853,READ,OLTP,,
38838.1533,170,12154,READ,OLTP,,
38841.3035,169,9416,WRITE,OLTP,,
38850.4427,180,7484,WRITE,OLTP,,
38868.6615,170,15314,READ,OLTP,,
38890.7121,185,14512,WRITE,OLTP,,
38892.0154,167,7548,READ,OLTP,,
38899.3762,181,10742,READ,OLTP,,
38902.4852,167,4849,READ,OLTP,,
38903.4058,165,6371,WRITE,OLTP,,
38908.6690,447,15347,WRITE,OLTP,,
38909.6705,167,11674,READ,OLTP,,
38924.7726,165,8022,READ,OLTP,,
38938.7735,165,6190,WRITE,OLTP,,
38953.4634,169,15650,READ,OLTP,,
38958.5279,450,6668,READ,OLTP,,
38993.0455,351,12361,READ,OLTP,,
39003.2553,165,11506,READ,OLTP,,
39030.6628,169,14356,READ,OLTP,,
39043.3364,171,11921,WRITE,OLTP,,
39052.8226,182,8032,WRITE,OLTP,,
39058.6652,180,8951,WRITE,OLTP,,
39070.2996,279,12855,READ,OLTP,,
39070.4939,456,11126,READ,OLTP,,
39073.2551,169,14121,READ,OLTP,,
39077.3902,168,8473,READ,OLTP,,
39082.6645,170,12441,READ,OLTP,,
39102.0810,166,12122,READ,OLTP,,
39134.6044,167,15453,WRITE,OLTP,,
39138.5658,167,10773,READ,OLTP,,
39143.1923,167,15229,READ,OLTP,,
39157.2042,169,14485,READ,OLTP,,
39163.3520,166,11065,READ,OLTP,,
39165.6982,446,14385,READ,OLTP,,
39214.9665,166,15679,WRITE,OLTP,,
39237.9535,167,12328,WRITE,OLTP,,
39260.9555,170,12866,READ,OLTP,,
39271.1576,165,14800,WRITE,OLTP,,
39275.3071,168,15284,READ,OLTP,,
39289.3674,165,8131,READ,OLTP,,
39295.1006,186,5852,READ,OLTP,,
39295.8321,454,12512,WRITE,OLTP,,
39306.4824,49,7767,READ,OLTP,,
39316.7798,166,12540,WRITE,OLTP,,
39329.4216,166,5947,READ,OLTP,,
39363.3949,171,15645,READ,OLTP,,
39370.4561,166,4391,READ,OLTP,,
39395.3906,168,13186,READ,OLTP,,
39413.3708,184,12146,READ,OLTP,,
39421.9751,287,4649,READ,OLTP,,
39428.3272,167,16025,READ,OLTP,,
39454.9344,165,12953,READ,OLTP,,
39525.9375,142,11827,READ,OLTP,,
39564.7214,171,13842,READ,OLTP,,
39605.2424,169,16066,READ,OLTP,,
39615.8600,292,7075,READ,OLTP,,
39626.9997,185,14193,READ,OLTP,,
39632.7447,283,6449,WRITE,OLTP,,
39648.2069,449,11700,READ,OLTP,,
39650.9891,45,12373,READ,OLTP,,
39676.9065,168,9003,WRITE,OLTP,,
39685.9187,170,9086,READ,OLTP,,
39688.7492,168,6527,WRITE,OLTP,,
39695.5293,165,12339,READ,OLTP,,
39714.0699,349,15860,READ,OLTP,,
39749.7836,165,15806,READ,OLTP,,
39765.3831,166,15663,READ,OLTP,,
39800.8445,55,10949,READ,OLTP,,
39864.5464,60,15142,READ,OLTP,,
39869.0467,168,13570,READ,OLTP,,
39907.5351,449,8197,READ,OLTP,,
39914.3616,290,6663,READ,OLTP,,
39930.2945,169,13303,READ,OLTP,,
39935.3245,36,7887,READ,OLTP,,
39945.4713,185,10675,WRITE,OLTP,,
39958.0175,165,12205,READ,OLTP,,
39964.9425,165,14213,READ,OLTP,,
40040.4504,185,9102,WRITE,OLTP,,
40070.1569,184,11062,READ,OLTP,,
40071.7353,171,13637,WRITE,OLTP,,
40072.8588,170,4238,WRITE,OLTP,,
40073.1044,166,16186,READ,OLTP,,
40096.0239,169,7506,READ,OLTP,,
40100.7381,168,4360,READ,OLTP,,
40151.5411,171,7414,READ,OLTP,,
40170.2476,165,10015,READ,OLTP,,
40194.6057,279,8133,WRITE,OLTP,,
40197.2386,165,6904,READ,OLTP,,
40214.3483,171,8331,READ,OLTP,,
40214.6239,170,9986,WRITE,OLTP,,
40254.2229,167,4316,WRITE,OLTP,,
40273.4772,169,7362,READ,OLTP,,
40285.4683,169,10378,WRITE,OLTP,,
40288.3824,182,7228,WRITE,OLTP,,
40305.2023,293,15653,READ,OLTP,,
40320.5400,165,16001,READ,OLTP,,
40334.4762,168,11675,READ,OLTP,,
40341.7504,168,14910,READ,OLTP,,
40363.4495,166,6714,READ,OLTP,,
40381.9140,180,15624,READ,OLTP,,
40397.9443,458,16032,READ,OLTP,,
40465.6239,169,5524,READ,OLTP,,
40492.4946,451,14866,READ,OLTP,,
40520.6672,171,12581,READ,OLTP,,
40540.1792,143,14946,READ,OLTP,,
40596.5671,354,15247,READ,OLTP,,
40616.2965,169,5532,WRITE,OLTP,,
40649.7856,166,15439,READ,OLTP,,
40650.9673,58,12749,READ,OLTP,,
40656.5375,171,9983,READ,OLTP,,
40729.9424,170,8138,WRITE,OLTP,,
40731.6235,171,11463,READ,OLTP,,
40734.8264,171,13890,READ,OLTP,,
40765.4614,167,14005,WRITE,OLTP,,
40788.1796,171,8700,READ,OLTP,,
40790.9556,171,12714,READ,OLTP,,
40821.7830,170,7116,READ,OLTP,,
40845.5641,59,10107,READ,OLTP,,
40852.3981,170,15999,WRITE,OLTP,,
40895.6498,168,9443,READ,OLTP,,
40900.0607,165,14596,READ,OLTP,,
40903.3902,169,8243,READ,OLTP,,
40906.3248,167,12063,READ,OLTP,,
40924.9753,168,7165,READ,OLTP,,
40986.6207,291,10006,READ,OLTP,,
41092.2416,168,5672,READ,OLTP,,
41092.4492,183,11052,WRITE,OLTP,,
41093.1399,58,13769,READ,OLTP,,
41101.8470,294,12195,READ,OLTP,,
41122.2123,184,11012,READ,OLTP,,
41133.4600,171,9358,READ,OLTP,,
41168.3775,165,11972,READ,OLTP,,
41212.7181,168,9115,READ,OLTP,,
41250.4291,169,13904,READ,OLTP,,
41269.0788,171,7359,READ,OLTP,,
41269.2835,167,10048,READ,OLTP,,
41272.1107,167,11778,WRITE,OLTP,,
41338.6655,171,14212,READ,OLTP,,
41368.0153,170,7608,READ,OLTP,,
41374.0986,165,16038,READ,OLTP,,
41382.6638,165,9226,WRITE,OLTP,,
41386.5999,171,9946,WRITE,OLTP,,
41413.8752,41,7635,READ,OLTP,,
41419.8391,181,9721,WRITE,OLTP,,
41435.9292,168,15327,READ,OLTP,,
41442.5331,165,8615,WRITE,OLTP,,
41445.9025,115,10474,WRITE,OLTP,,
41490.5407,165,15676,READ,OLTP,,
41503.9253,139,5940,READ,OLTP,,
41513.2477,165,5636,READ,OLTP,,
41524.7201,166,5584,READ,OLTP,,
41540.9809,169,6373,READ,OLTP,,
41546.2597,166,13578,READ,OLTP,,
41628.2341,59,9566,WRITE,OLTP,,
41631.0944,47,15612,READ,OLTP,,
41652.3490,166,8722,READ,OLTP,,
41680.8876,165,6861,READ,OLTP,,
41698.9217,166,9367,READ,OLTP,,
41712.5233,450,11108,READ,OLTP,,
41714.2568,166,16060,READ,OLTP,,
41715.3850,168,10079,READ,OLTP,,
41732.7531,290,10957,READ,OLTP,,
41734.8819,168,9487,READ,OLTP,,
41749.1119,166,10825,READ,OLTP,,
41753.7436,181,12677,WRITE,OLTP,,
41780.4573,445,14715,WRITE,OLTP,,
41787.3595,291,13975,READ,OLTP,,
41812.0067,171,5524,READ,OLTP,,
41814.2459,168,14163,READ,OLTP,,
41828.3034,169,14926,READ,OLTP,,
41839.0522,180,6813,WRITE,OLTP,,
41866.9237,171,15061,WRITE,OLTP,,
41893.2293,350,11502,READ,OLTP,,
41941.9898,169,9639,READ,OLTP,,
41962.9239,166,6006,READ,OLTP,,
41968.5490,55,9608,WRITE,OLTP,,
42033.3625,182,6389,READ,OLTP,,
42126.8702,166,5115,READ,OLTP,,
42184.5765,455,8347,READ,OLTP,,
42213.5129,170,12527,READ,OLTP,,
42220.5351,171,11128,READ,OLTP,,
42243.3474,289,8437,READ,OLTP,,
42286.7643,167,10146,READ,OLTP,,
42294.5874,446,14288,READ,OLTP,,
42313.2281,171,4675,READ,OLTP,,
42315.8734,166,8524,WRITE,OLTP,,
42317.6789,170,10137,READ,OLTP,,
42330.5542,167,11929,READ,OLTP,,
42332.5469,171,6180,READ,OLTP,,
42336.9759,165,9586,READ,OLTP,,
42345.1943,60,6206,READ,OLTP,,
42375.7464,170,9430,READ,OLTP,,
42403.3839,171,14704,READ,OLTP,,
42434.9258,109,14560,READ,OLTP,,
42443.6971,166,12054,READ,OLTP,,
42459.8431,166,7445,WRITE,OLTP,,
42464.7905,293,7130,READ,OLTP,,
42465.8943,169,8881,WRITE,OLTP,,
42480.1185,447,13585,READ,OLTP,,
42483.4779,165,14899,WRITE,OLTP,,
42491.5881,111,16161,READ,OLTP,,
42509.7033,170,15899,READ,OLTP,,
42548.5091,165,14584,WRITE,OLTP,,
42560.2981,180,12629,READ,OLTP,,
42580.5654,166,5918,READ,OLTP,,
42600.4918,180,5583,READ,OLTP,,
42602.5114,169,12205,READ,OLTP,,
42603.2634,167,14852,READ,OLTP,,
42612.9385,56,9134,READ,OLTP,,
42626.5967,169,4890,READ,OLTP,,
42631.1956,169,9511,READ,OLTP,,
42635.2454,182,14812,READ,OLTP,,
42647.0114,111,6359,WRITE,OLTP,,
42657.6633,169,15190,WRITE,OLTP,,
42744.0288,169,5635,READ,OLTP,,
42745.5812,184,5490,WRITE,OLTP,,
42771.8998,169,16065,READ,OLTP,,
42803.7670,166,10142,READ,OLTP,,
42809.6803,166,9712,READ,OLTP,,
42874.3439,171,8035,READ,OLTP,,
42887.6630,171,6122,READ,OLTP,,
42929.0675,448,15771,READ,OLTP,,
42930.3952,169,9802,WRITE,OLTP,,
42937.8820,166,10890,READ,OLTP,,
42981.7254,141,9705,READ,OLTP,,
43054.9594,446,6198,READ,OLTP,,
43061.6719,169,6012,READ,OLTP,,
43112.4255,180,13092,WRITE,OLTP,,
43114.5551,169,13193,READ,OLTP,,
43115.1042,183,13772,READ,OLTP,,
43125.5100,167,11785,WRITE,OLTP,,
43139.1251,167,12179,WRITE,OLTP,,
43167.5629,169,12954,READ,OLTP,,
43170.9087,181,12223,READ,OLTP,,
43231.9323,166,14412,WRITE,OLTP,,
43283.9058,289,5369,READ,OLTP,,
43321.0563,61,14892,READ,OLTP,,
43364.0156,171,11629,READ,OLTP,,
43373.3649,291,16381,READ,OLTP,,
43375.6217,165,12051,READ,OLTP,,
43394.0218,170,12751,READ,OLTP,,
43397.0743,165,9507,READ,OLTP,,
43401.7593,170,16156,READ,OLTP,,
43414.8329,180,14486,READ,OLTP,,
43435.8465,450,16233,READ,OLTP,,
43471.2736,171,6156,READ,OLTP,,
43482.6108,168,6480,WRITE,OLTP,,
43505.4057,290,7222,WRITE,OLTP,,
43557.2859,166,8897,WRITE,OLTP,,
43622.3765,45,11620,WRITE,OLTP,,
43647.0198,180,10008,WRITE,OLTP,,
43674.8079,168,9025,READ,OLTP,,
43690.6648,455,9850,READ,OLTP,,
43710.4507,179,16183,WRITE,OLTP,,
43739.6040,166,5290,WRITE,OLTP,,
43757.9591,113,14083,READ,OLTP,,
43762.6467,168,8921,READ,OLTP,,
43765.7740,165,13043,READ,OLTP,,
43782.0643,165,13799,READ,OLTP,,
43844.9505,169,10533,WRITE,OLTP,,
43863.6923,292,10357,WRITE,OLTP,,
43865.2777,165,13901,READ,OLTP,,
43899.4171,167,12285,READ,OLTP,,
43900.2668,171,15300,WRITE,OLTP,,
43922.5541,167,12617,WRITE,OLTP,,
43944.0042,165,4830,WRITE,OLTP,,
43965.0635,170,11796,WRITE,OLTP,,
43965.2703,168,9116,WRITE,OLTP,,
43965.9474,182,4255,READ,OLTP,,
43976.8330,167,12156,READ,OLTP,,
43982.9211,168,8788,WRITE,OLTP,,
43995.9375,168,10367,WRITE,OLTP,,
44013.4636,169,13279,READ,OLTP,,
44014.5304,166,16332,READ,OLTP,,
44018.4426,165,8599,READ,OLTP,,
44032.3170,171,8653,READ,OLTP,,
44101.3636,167,16002,WRITE,OLTP,,
44106.0444,168,7726,WRITE,OLTP,,
44128.7095,451,15886,READ,OLTP,,
44198.7062,166,12553,READ,OLTP,,
44203.1685,184,10393,WRITE,OLTP,,
44223.1011,165,15969,READ,OLTP,,
44232.4603,165,16148,READ,OLTP,,
44258.0843,165,15640,READ,OLTP,,
44291.8913,171,6654,READ,OLTP,,
44295.1102,182,16317,WRITE,OLTP,,
44320.4544,459,10002,READ,OLTP,,
44327.3044,451,5056,READ,OLTP,,
44386.7574,169,15474,READ,OLTP,,
44387.9304,452,13627,READ,OLTP,,
44400.2240,165,5197,READ,OLTP,,
44515.9100,171,4345,READ,OLTP,,
44516.2478,37,10383,WRITE,OLTP,,
44530.5620,110,16342,READ,OLTP,,
44537.6031,167,9211,READ,OLTP,,
44549.2463,167,14881,READ,OLTP,,
44552.0723,166,8879,READ,OLTP,,
44616.8123,141,15200,READ,OLTP,,
44619.7471,169,9423,WRITE,OLTP,,
44640.4358,166,14163,READ,OLTP,,
44754.1199,167,11493,READ,OLTP,,
44758.6794,166,11190,READ,OLTP,,
44766.5098,184,15452,READ,OLTP,,
44795.7302,170,15118,WRITE,OLTP,,
44796.1945,166,4728,READ,OLTP,,
44817.5575,168,5790,READ,OLTP,,
44824.6726,144,5880,READ,OLTP,,
44832.0406,168,8692,READ,OLTP,,
44858.9856,451,12536,READ,OLTP,,
44860.5933,166,6382,READ,OLTP,,
44863.0191,165,10731,WRITE,OLTP,,
44878.1679,293,15253,READ,OLTP,,
44928.4729,170,12970,READ,OLTP,,
44931.8089,165,13569,READ,OLTP,,
44942.1370,166,14485,READ,OLTP,,
44942.4723,168,14168,READ,OLTP,,
44954.3043,165,14189,WRITE,OLTP,,
44962.6675,445,9817,READ,OLTP,,
44993.8231,171,8026,READ,OLTP,,
45029.1017,184,10736,WRITE,OLTP,,
45046.1028,167,6753,READ,OLTP,,
45114.5416,170,11767,READ,OLTP,,
45131.4341,169,11722,READ,OLTP,,
45138.3880,169,6290,READ,OLTP,,
45149.6150,165,4768,READ,OLTP,,
45163.6824,170,9562,READ,OLTP,,
45204.6631,170,11398,READ,OLTP,,
45237.5992,170,9908,READ,OLTP,,
45290.8807,60,11714,WRITE,OLTP,,
45322.4761,58,8580,WRITE,OLTP,,
45325.4964,446,10054,READ,OLTP,,
45335.1927,170,14559,READ,OLTP,,
45336.1355,166,14586,READ,OLTP,,
45381.7856,166,6834,READ,OLTP,,
45382.4477,180,4921,READ,OLTP,,
45392.6805,166,15580,READ,OLTP,,
45413.3313,449,4334,WRITE,OLTP,,
45520.0670,168,8112,READ,OLTP,,
45591.6758,182,15551,READ,OLTP,,
45595.0688,171,13739,WRITE,OLTP,,
45605.5419,171,14446,READ,OLTP,,
45616.8131,456,8487,READ,OLTP,,
45619.7435,167,4548,READ,OLTP,,
45652.5487,165,7357,WRITE,OLTP,,
45678.1707,168,12945,WRITE,OLTP,,
45692.0976,167,5728,READ,OLTP,,
45739.9026,167,11307,WRITE,OLTP,,
45750.2238,165,6981,WRITE,OLTP,,
45767.6564,166,5846,WRITE,OLTP,,
45790.2767,166,8622,WRITE,OLTP,,
45796.3054,165,9180,READ,OLTP,,
45803.2206,167,4832,READ,OLTP,,
45814.9761,169,11432,READ,OLTP,,
45823.7886,167,8723,WRITE,OLTP,,
45826.4805,37,11558,WRITE,OLTP,,
45849.0757,165,8903,READ,OLTP,,
45853.7249,61,6572,READ,OLTP,,
45869.4638,170,10028,READ,OLTP,,
45871.1826,169,4239,READ,OLTP,,
45897.2709,166,5190,READ,OLTP,,
45920.1509,169,4875,WRITE,OLTP,,
45963.9778,166,11443,READ,OLTP,,
45979.6858,171,7058,WRITE,OLTP,,
46058.4630,168,14765,READ,OLTP,,
46059.8884,166,7941,READ,OLTP,,
46076.2804,169,12887,READ,OLTP,,
46089.1938,171,6634,READ,OLTP,,
46100.5478,169,7818,READ,OLTP,,
46115.6353,170,8295,WRITE,OLTP,,
46166.8150,169,4256,READ,OLTP,,
46184.7627,289,5344,READ,OLTP,,
46194.4346,171,8075,READ,OLTP,,
46207.7715,166,8930,WRITE,OLTP,,
46219.8865,183,9413,READ,OLTP,,
46220.3741,109,8212,READ,OLTP,,
46233.2275,171,4634,READ,OLTP,,
46293.3459,168,7779,READ,OLTP,,
46365.0196,168,4741,READ,OLTP,,
46406.5568,165,8780,READ,OLTP,,
46418.5396,165,9736,WRITE,OLTP,,
46467.1908,143,14700,READ,OLTP,,
46479.6408,294,4846,READ,OLTP,,
46499.2433,166,13791,READ,OLTP,,
46515.4733,169,6436,READ,OLTP,,
46519.4285,166,5672,READ,OLTP,,
46576.0891,167,15387,READ,OLTP,,
46597.9972,171,5312,WRITE,OLTP,,
46639.9684,171,7123,READ,OLTP,,
46643.7596,140,11007,WRITE,OLTP,,
46706.7022,182,4634,READ,OLTP,,
46737.1116,167,5170,READ,OLTP,,
46740.4211,171,10086,WRITE,OLTP,,
46742.8525,455,14073,WRITE,OLTP,,
46784.2743,165,7242,READ,OLTP,,
46791.5398,168,8670,READ,OLTP,,
46794.7426,182,14774,WRITE,OLTP,,
46889.6075,167,16153,READ,OLTP,,
46896.3640,183,11400,WRITE,OLTP,,
46939.5992,169,8615,WRITE,OLTP,,
46971.5444,167,9629,READ,OLTP,,
46994.9428,453,10738,READ,OLTP,,
47010.3014,166,14706,READ,OLTP,,
47016.1418,169,4877,WRITE,OLTP,,
47038.6756,171,8661,READ,OLTP,,
47057.4844,167,6211,READ,OLTP,,
47098.8560,169,10678,READ,OLTP,,
47104.7630,166,6323,READ,OLTP,,
47236.4754,114,9625,WRITE,OLTP,,
47259.7357,167,15650,READ,OLTP,,
47307.6983,168,5753,READ,OLTP,,
47339.8749,110,16315,WRITE,OLTP,,
47359.4480,171,4271,READ,OLTP,,
47373.6184,170,11934,READ,OLTP,,
47397.6082,111,14081,WRITE,OLTP,,
47399.2968,293,11807,READ,OLTP,,
47400.0011,166,13936,READ,OLTP,,
47406.8050,165,13467,READ,OLTP,,
47419.0039,171,7702,READ,OLTP,,
47419.2155,171,9516,WRITE,OLTP,,
47424.0417,168,8035,READ,OLTP,,
47428.3180,170,15574,READ,OLTP,,
47498.2929,170,14000,READ,OLTP,,
47517.8029,165,6966,READ,OLTP,,
47530.0531,113,4204,READ,OLTP,,
47559.0110,168,15302,READ,OLTP,,
47577.3418,167,4750,READ,OLTP,,
47644.1312,168,4338,READ,OLTP,,
47647.8323,451,8049,WRITE,OLTP,,
47675.6257,112,11327,READ,OLTP,,
47677.1822,170,13689,WRITE,OLTP,,
47677.3365,376,11666,READ,OLTP,,
47709.2441,50,13803,READ,OLTP,,
47710.9682,171,13418,WRITE,OLTP,,
47720.0235,169,7947,READ,OLTP,,
47725.7274,168,6326,READ,OLTP,,
47729.5043,181,5034,WRITE,OLTP,,
47734.9218,170,8300,READ,OLTP,,
47773.7322,170,7864,WRITE,OLTP,,
47785.4582,168,15412,READ,OLTP,,
47792.2308,168,13159,READ,OLTP,,
47802.7852,171,6519,READ,OLTP,,
47809.4696,170,8838,READ,OLTP,,
47813.8174,167,7733,WRITE,OLTP,,
47838.2827,170,14274,WRITE,OLTP,,
47855.5112,291,11186,READ,OLTP,,
47867.9098,169,6033,READ,OLTP,,
47901.8289,57,16237,READ,OLTP,,
47903.2438,457,4683,WRITE,OLTP,,
47916.9447,186,8159,READ,OLTP,,
47971.3100,169,9787,WRITE,OLTP,,
47976.3605,447,6213,READ,OLTP,,
47976.5778,113,4506,WRITE,OLTP,,
47979.6838,165,5611,READ,OLTP,,
48007.1098,167,10023,WRITE,OLTP,,
48008.4976,168,16231,READ,OLTP,,
48009.7998,171,4992,READ,OLTP,,
48031.0096,169,7227,READ,OLTP,,
48031.3116,171,6769,READ,OLTP,,
48032.5628,447,13229,WRITE,OLTP,,
48052.3047,48,4755,READ,OLTP,,
48067.3956,50,4976,READ,OLTP,,
48068.0052,167,11471,READ,OLTP,,
48116.2961,170,9360,READ,OLTP,,
48120.1423,170,7498,WRITE,OLTP,,
48132.4954,446,11274,WRITE,OLTP,,
48148.1465,168,12995,WRITE,OLTP,,
48151.0501,167,13127,READ,OLTP,,
48166.4184,168,10828,READ,OLTP,,
48197.4174,171,11890,READ,OLTP,,
48234.9073,167,13511,READ,OLTP,,
48239.6328,291,9287,READ,OLTP,,
48274.7506,144,7543,WRITE,OLTP,,
48285.9761,171,6129,READ,OLTP,,
48311.3525,170,14979,READ,OLTP,,
48329.1779,167,9190,WRITE,OLTP,,
48334.9521,171,8561,READ,OLTP,,
48343.7918,166,9800,WRITE,OLTP,,
48368.3646,183,8159,READ,OLTP,,
48375.6845,171,7980,READ,OLTP,,
48409.1651,167,4628,READ,OLTP,,
48442.2583,448,5871,READ,OLTP,,
48455.6386,171,15865,READ,OLTP,,
48467.2732,165,14967,READ,OLTP,,
48487.2392,167,10444,READ,OLTP,,
48520.5181,169,6474,READ,OLTP,,
48522.8431,280,5211,WRITE,OLTP,,
48524.4567,168,8737,READ,OLTP,,
48583.5048,168,8004,READ,OLTP,,
48598.1483,170,9770,READ,OLTP,,
48604.9406,166,15487,WRITE,OLTP,,
48618.6140,456,6130,WRITE,OLTP,,
48626.9348,169,11442,WRITE,OLTP,,
48629.7256,184,13704,READ,OLTP,,
48635.6170,167,11959,READ,OLTP,,
48638.8812,180,6070,WRITE,OLTP,,
48674.3566,167,9491,WRITE,OLTP,,
48675.8279,165,14320,READ,OLTP,,
48684.6282,169,9699,READ,OLTP,,
48692.6377,170,4418,READ,OLTP,,
48702.6412,168,11759,READ,OLTP,,
48705.2816,170,4387,WRITE,OLTP,,
48735.8616,165,8247,WRITE,OLTP,,
48748.3339,170,10450,WRITE,OLTP,,
48755.5707,180,14987,READ,OLTP,,
48776.8479,168,10674,READ,OLTP,,
48810.5835,165,13839,READ,OLTP,,
48863.8433,456,9732,READ,OLTP,,
48916.0658,110,8201,WRITE,OLTP,,
48919.8201,165,15368,READ,OLTP,,
48925.7321,294,11680,WRITE,OLTP,,
48935.6002,182,13316,READ,OLTP,,
48969.1596,165,7493,WRITE,OLTP,,
48985.1082,168,14228,READ,OLTP,,
49019.6626,166,8142,READ,OLTP,,
49084.8121,181,13668,READ,OLTP,,
49132.9601,166,6322,READ,OLTP,,
49159.6889,445,14178,WRITE,OLTP,,
49163.9255,171,9273,WRITE,OLTP,,
49171.0064,186,14013,READ,OLTP,,
49189.3532,168,11916,READ,OLTP,,
49375.5091,113,15024,READ,OLTP,,
49413.7688,167,14661,READ,OLTP,,
49432.7485,124,13400,READ,OLTP,,
49452.5414,167,10708,READ,OLTP,,
49467.3282,169,6334,READ,OLTP,,
49481.8736,168,14206,READ,OLTP,,
49484.2420,168,10411,READ,OLTP,,
49502.1137,170,10931,READ,OLTP,,
49502.4568,171,12733,WRITE,OLTP,,
49523.0754,169,4267,READ,OLTP,,
49578.7279,166,10350,READ,OLTP,,
49582.3203,169,6528,WRITE,OLTP,,
49606.6759,171,10336,READ,OLTP,,
49621.6185,182,14350,READ,OLTP,,
49628.0850,171,8038,READ,OLTP,,
49649.0587,111,7488,WRITE,OLTP,,
49651.4997,290,6202,READ,OLTP,,
49665.6400,184,5069,READ,OLTP,,
49713.6923,167,15184,WRITE,OLTP,,
49755.2096,109,4913,READ,OLTP,,
49763.5023,61,8580,WRITE,OLTP,,
49777.1425,171,8328,READ,OLTP,,
49792.9615,168,4406,READ,OLTP,,
49793.3196,180,12992,WRITE,OLTP,,
49802.3405,118,8499,READ,OLTP,,
49830.9164,166,7381,READ,OLTP,,
49841.1393,166,16373,READ,OLTP,,
49842.3430,40,12467,READ,OLTP,,
49872.8469,165,4328,READ,OLTP,,
49897.3299,169,10459,READ,OLTP,,
49909.1988,122,16241,READ,OLTP,,
49927.2451,95,12413,READ,OLTP,,
49941.2217,170,6424,READ,OLTP,,
49974.4376,169,12196,WRITE,OLTP,,
49999.3181,168,4517,READ,OLTP,,
49999.3467,170,9089,READ,OLTP,,
50019.4147,168,16308,READ,OLTP,,
50023.3098,166,11847,WRITE,OLTP,,
50033.8525,182,7293,READ,OLTP,,
50050.6297,169,4296,READ,OLTP,,
50080.2700,166,16055,READ,OLTP,,
50118.1386,57,4510,READ,OLTP,,
50127.6338,168,7274,READ,OLTP,,
50163.6886,454,13605,READ,OLTP,,
50214.3019,39,8444,READ,OLTP,,
50223.1128,171,6834,READ,OLTP,,
50249.8299,165,16158,WRITE,OLTP,,
50252.4658,170,7159,READ,OLTP,,
50252.5953,183,7264,READ,OLTP,,
50293.1113,165,16375,READ,OLTP,,
50309.2487,169,14173,READ,OLTP,,
50319.5052,166,11744,READ,OLTP,,
50328.6109,289,14392,READ,OLTP,,
50329.5827,169,14824,WRITE,OLTP,,
50363.3922,166,8984,READ,OLTP,,
50367.9600,168,11728,WRITE,OLTP,,
50454.2524,165,5583,READ,OLTP,,
50462.8115,165,13087,READ,OLTP,,
50479.3262,171,14018,READ,OLTP,,
50530.4499,40,16367,READ,OLTP,,
50531.7168,170,6027,READ,OLTP,,
50560.9842,167,6069,WRITE,OLTP,,
50567.6190,181,8628,WRITE,OLTP,,
50579.5886,167,7117,READ,OLTP,,
50619.3633,170,6572,WRITE,OLTP,,
50638.1703,118,9625,READ,OLTP,,
50639.0274,180,15144,READ,OLTP,,
50646.2975,168,4738,READ,OLTP,,
50648.3662,186,7536,READ,OLTP,,
50648.7693,165,9419,READ,OLTP,,
50660.1365,167,10842,WRITE,OLTP,,
50666.8283,165,8766,WRITE,OLTP,,
50690.5016,58,12360,READ,OLTP,,
50701.1390,170,5477,READ,OLTP,,
50703.6915,165,7330,READ,OLTP,,
50761.6801,114,14321,READ,OLTP,,
50765.1685,167,11090,READ,OLTP,,
50783.3688,454,15946,WRITE,OLTP,,
50791.1552,452,12920,READ,OLTP,,
50794.1518,171,12091,READ,OLTP,,
50806.1717,167,16190,READ,OLTP,,
50816.8560,170,11911,WRITE,OLTP,,
50816.9182,167,9394,WRITE,OLTP,,
50864.0133,167,4469,READ,OLTP,,
50901.9494,169,8320,READ,OLTP,,
50909.3068,167,7869,WRITE,OLTP,,
50920.9980,445,8387,READ,OLTP,,
50956.8465,170,12508,READ,OLTP,,
51008.2711,171,10964,READ,OLTP,,
51084.5416,166,15384,READ,OLTP,,
51098.1663,171,7976,READ,OLTP,,
51125.1911,168,13221,WRITE,OLTP,,
51151.5711,452,9119,READ,OLTP,,
51201.1996,169,9091,READ,OLTP,,
51210.7231,166,11957,READ,OLTP,,
51233.7211,165,11478,READ,OLTP,,
51261.6101,293,13151,READ,OLTP,,
51324.3230,167,12955,READ,OLTP,,
51330.4151,167,12983,READ,OLTP,,
51344.5175,183,15427,READ,OLTP,,
51386.6876,166,12169,READ,OLTP,,
51400.2932,170,8348,READ,OLTP,,
51421.7245,288,5827,READ,OLTP,,
51426.7372,168,12468,READ,OLTP,,
51434.4714,166,12384,READ,OLTP,,
51435.7239,170,16246,READ,OLTP,,
51480.3706,171,6746,READ,OLTP,,
51483.1741,449,6815,WRITE,OLTP,,
51493.1072,169,14518,WRITE,OLTP,,
51502.6595,169,14454,READ,OLTP,,
51509.4778,166,15125,WRITE,OLTP,,
51510.1945,166,8136,READ,OLTP,,
51520.3464,127,7488,WRITE,OLTP,,
51529.1962,165,9828,READ,OLTP,,
51532.5907,182,15820,WRITE,OLTP,,
51539.9279,285,7973,READ,OLTP,,
51553.7187,170,11868,READ,OLTP,,
51563.7676,169,7922,READ,OLTP,,
51599.6693,293,13098,WRITE,OLTP,,
51601.6393,168,6515,READ,OLTP,,
51657.6437,168,13030,WRITE,OLTP,,
51673.1586,170,6907,WRITE,OLTP,,
51708.5678,449,12284,WRITE,OLTP,,
51725.8544,168,4927,READ,OLTP,,
51735.8248,166,5783,READ,OLTP,,
51802.4774,169,7127,READ,OLTP,,
51843.0044,170,11331,READ,OLTP,,
51882.6168,170,8424,READ,OLTP,,
51966.1794,166,16089,WRITE,OLTP,,
51980.8413,94,11491,READ,OLTP,,
51985.3236,288,14235,READ,OLTP,,
51990.8573,166,14262,READ,OLTP,,
52018.4725,167,9640,WRITE,OLTP,,
52045.1819,168,12835,WRITE,OLTP,,
52048.1717,169,16164,WRITE,OLTP,,
52067.5816,183,9924,WRITE,OLTP,,
52092.5298,169,15162,WRITE,OLTP,,
52095.5636,168,9415,READ,OLTP,,
52193.0116,181,9550,READ,OLTP,,
52245.5504,168,9114,READ,OLTP,,
52291.1185,165,14534,WRITE,OLTP,,
52296.1017,166,14003,READ,OLTP,,
52308.0143,58,7361,WRITE,OLTP,,
52315.9172,170,14041,READ,OLTP,,
52317.0546,185,5889,WRITE,OLTP,,
52327.3612,285,6097,READ,OLTP,,
52330.6751,165,10249,READ,OLTP,,
52354.5395,445,11608,WRITE,OLTP,,
52365.0353,180,14053,READ,OLTP,,
52391.9140,167,10160,READ,OLTP,,
52399.9479,448,12679,WRITE,OLTP,,
52413.8574,171,16020,READ,OLTP,,
52449.2322,181,7902,WRITE,OLTP,,
52460.0524,450,13649,READ,OLTP,,
52524.4550,167,10155,WRITE,OLTP,,
52535.6053,168,11963,WRITE,OLTP,,
52558.7963,377,13557,READ,OLTP,,
52562.5342,166,13180,READ,OLTP,,
52563.7251,184,13063,READ,OLTP,,
52601.5201,282,15397,WRITE,OLTP,,
52649.9011,170,15769,WRITE,OLTP,,
52709.2538,288,9687,WRITE,OLTP,,
52730.7643,171,5928,WRITE,OLTP,,
52774.7449,110,9313,READ,OLTP,,
52830.6037,165,13165,WRITE,OLTP,,
52845.6089,167,7517,WRITE,OLTP,,
52848.7279,165,12283,READ,OLTP,,
52860.6277,170,5679,WRITE,OLTP,,
52865.4563,171,7570,READ,OLTP,,
52905.3371,185,7090,WRITE,OLTP,,
52918.4606,169,15864,READ,OLTP,,
52929.7312,166,4846,READ,OLTP,,
52958.2147,169,10173,READ,OLTP,,
52996.9697,450,12291,WRITE,OLTP,,
53046.2019,165,11946,READ,OLTP,,
53091.9273,165,6442,WRITE,OLTP,,
53107.1813,61,16300,WRITE,OLTP,,
53234.7117,165,5046,READ,OLTP,,
53253.9278,57,10705,READ,OLTP,,
53321.0077,354,15081,WRITE,OLTP,,
53322.9742,165,12268,READ,OLTP,,
53326.0390,171,7406,WRITE,OLTP,,
53336.1474,165,11243,WRITE,OLTP,,
53348.3909,166,15379,READ,OLTP,,
53373.5864,377,14413,READ,OLTP,,
53410.6280,59,10992,READ,OLTP,,
53420.7849,184,12367,READ,OLTP,,
53467.5709,165,4763,WRITE,OLTP,,
53469.6104,167,5887,READ,OLTP,,
53469.6508,168,13735,READ,OLTP,,
53498.9815,167,4784,READ,OLTP,,
53522.7699,167,10318,READ,OLTP,,
53591.4204,166,15175,READ,OLTP,,
53597.0023,182,8094,WRITE,OLTP,,
53667.6325,166,13369,WRITE,OLTP,,
53669.0087,166,11544,WRITE,OLTP,,
53696.6692,185,5649,WRITE,OLTP,,
53761.1453,166,15146,READ,OLTP,,
53764.3402,167,14777,READ,OLTP,,
53830.0288,165,6459,WRITE,OLTP,,
53830.1156,180,12228,READ,OLTP,,
53847.0738,170,11088,READ,OLTP,,
53854.7410,171,11556,READ,OLTP,,
53875.2299,170,16063,WRITE,OLTP,,
53877.9107,118,13343,READ,OLTP,,
53880.9605,184,6492,WRITE,OLTP,,
53972.6923,167,15502,READ,OLTP,,
53984.3267,109,5853,READ,OLTP,,
53985.8214,169,7809,READ,OLTP,,
53993.7899,165,6794,READ,OLTP,,
54010.7941,165,4783,READ,OLTP,,
54042.6383,90,6964,WRITE,OLTP,,
54094.3380,169,12424,READ,OLTP,,
54177.9797,168,8255,READ,OLTP,,
54178.2865,165,7929,READ,OLTP,,
54184.6435,184,6129,WRITE,OLTP,,
54219.9527,166,12938,READ,OLTP,,
54250.4278,452,9490,READ,OLTP,,
54259.2101,451,12494,READ,OLTP,,
54273.6370,168,5140,WRITE,OLTP,,
54276.6505,165,12395,WRITE,OLTP,,
54308.2901,167,15434,WRITE,OLTP,,
54323.4087,379,14084,READ,OLTP,,
54326.2437,165,15390,READ,OLTP,,
54342.3560,454,6033,READ,OLTP,,
54344.2465,446,8935,READ,OLTP,,
54369.5440,166,6317,READ,OLTP,,
54386.9075,169,10621,WRITE,OLTP,,
54407.5287,171,10488,READ,OLTP,,
54412.8495,169,8201,READ,OLTP,,
54461.3498,379,6150,WRITE,OLTP,,
54494.8165,168,16207,WRITE,OLTP,,
54503.0194,165,10287,READ,OLTP,,
54516.3946,168,6927,READ,OLTP,,
54516.6262,185,7386,WRITE,OLTP,,
54527.8276,169,13786,READ,OLTP,,
54592.3372,290,16209,WRITE,OLTP,,
54595.3164,185,5385,READ,OLTP,,
54637.5173,166,14390,READ,OLTP,,
54638.3840,168,8667,READ,OLTP,,
54639.6841,167,13789,WRITE,OLTP,,
54650.6264,166,13518,WRITE,OLTP,,
54662.9608,112,14762,READ,OLTP,,
54675.5061,167,16331,READ,OLTP,,
54733.8112,168,7103,READ,OLTP,,
54738.8207,171,5042,READ,OLTP,,
54784.9576,93,10620,READ,OLTP,,
54796.8708,165,6789,READ,OLTP,,
54798.8208,165,11659,READ,OLTP,,
54814.5774,171,7312,READ,OLTP,,
54823.9370,180,4709,READ,OLTP,,
54837.0701,184,11845,READ,OLTP,,
54842.9885,167,7155,READ,OLTP,,
54843.1079,166,12898,WRITE,OLTP,,
54846.8547,171,14223,READ,OLTP,,
54856.6061,169,16140,WRITE,OLTP,,
54859.1206,166,7256,WRITE,OLTP,,
54903.4793,166,7668,READ,OLTP,,
54913.3457,181,15226,WRITE,OLTP,,
54980.5036,165,12844,READ,OLTP,,
54982.5771,168,9879,WRITE,OLTP,,
55009.5096,170,5074,READ,OLTP,,
55013.0255,167,10241,READ,OLTP,,
55017.9276,167,9853,WRITE,OLTP,,
55043.5298,171,5608,READ,OLTP,,
55087.5843,448,8931,READ,OLTP,,
55110.2884,450,14574,READ,OLTP,,
55117.1273,168,11557,READ,OLTP,,
55119.0805,283,9118,WRITE,OLTP,,
55122.1405,114,6905,READ,OLTP,,
55135.6271,165,6822,READ,OLTP,,
55143.1580,169,7488,WRITE,OLTP,,
55188.1477,167,6175,WRITE,OLTP,,
55207.1417,167,10939,WRITE,OLTP,,
55211.4580,170,6124,WRITE,OLTP,,
55215.4001,165,12398,READ,OLTP,,
55231.0133,183,13632,READ,OLTP,,
55233.7083,168,11611,READ,OLTP,,
55246.3678,166,8600,READ,OLTP,,
55256.4345,166,15807,READ,OLTP,,
55273.1549,170,11376,READ,OLTP,,
55283.6445,170,5870,READ,OLTP,,
55286.3986,171,8359,READ,OLTP,,
55307.5103,292,10880,READ,OLTP,,
55315.3236,457,15476,READ,OLTP,,
55324.0330,447,10419,READ,OLTP,,
55346.9720,292,10422,WRITE,OLTP,,
55375.3918,445,5608,READ,OLTP,,
55472.7804,166,9803,READ,OLTP,,
55481.9079,184,6688,READ,OLTP,,
55510.5007,167,15695,READ,OLTP,,
55578.8546,165,5837,READ,OLTP,,
55585.3454,168,14105,READ,OLTP,,
55620.4823,445,15458,WRITE,OLTP,,
55621.4089,169,16146,READ,OLTP,,
55651.5251,38,9658,READ,OLTP,,
55659.2735,168,13520,READ,OLTP,,
55661.3521,168,12695,WRITE,OLTP,,
55665.6676,166,6910,READ,OLTP,,
55728.2057,168,13073,READ,OLTP,,
55734.3947,169,9770,READ,OLTP,,
55808.9274,141,13958,READ,OLTP,,
55813.7079,185,13807,WRITE,OLTP,,
55836.2329,165,11543,WRITE,OLTP,,
55850.2708,166,6932,WRITE,OLTP,,
55882.0530,48,15400,READ,OLTP,,
55886.2763,165,9588,READ,OLTP,,
55894.6021,168,12572,READ,OLTP,,
55902.7226,167,5673,READ,OLTP,,
55919.5901,181,10273,WRITE,OLTP,,
55936.7376,167,9540,READ,OLTP,,
55943.9280,60,14545,WRITE,OLTP,,
55967.1050,451,10926,READ,OLTP,,
55971.9407,290,8549,READ,OLTP,,
55990.3117,166,6247,READ,OLTP,,
55990.7719,180,11137,READ,OLTP,,
56028.3269,185,11443,WRITE,OLTP,,
56044.6305,168,12853,READ,OLTP,,
56057.7450,170,5913,WRITE,OLTP,,
56058.1256,167,11358,READ,OLTP,,
56123.7229,288,10177,WRITE,OLTP,,
56126.9592,109,4848,WRITE,OLTP,,
56141.9656,186,12608,WRITE,OLTP,,
56142.5624,169,6253,WRITE,OLTP,,
56148.6873,169,13067,READ,OLTP,,
56165.1661,171,4332,WRITE,OLTP,,
56197.7195,171,9416,WRITE,OLTP,,
56210.3385,167,11160,READ,OLTP,,
56224.0994,170,6212,READ,OLTP,,
56303.5312,165,10195,READ,OLTP,,
56310.3899,168,16098,WRITE,OLTP,,
56314.1838,445,12200,READ,OLTP,,
56324.9839,170,10775,READ,OLTP,,
56336.5488,291,6524,WRITE,OLTP,,
56367.6881,114,10081,READ,OLTP,,
56368.7080,166,4273,READ,OLTP,,
56371.1102,167,4567,READ,OLTP,,
56386.5893,112,6169,READ,OLTP,,
56398.6718,169,13416,READ,OLTP,,
56488.0867,171,13581,READ,OLTP,,
56494.3587,111,13765,READ,OLTP,,
56508.9448,165,5254,READ,OLTP,,
56518.4523,166,12938,READ,OLTP,,
56548.3205,171,4331,READ,OLTP,,
56554.9360,170,9713,READ,OLTP,,
56586.5513,166,12412,READ,OLTP,,
56628.0984,185,9794,WRITE,OLTP,,
56631.2021,166,8196,READ,OLTP,,
56634.7439,165,14207,READ,OLTP,,
56649.2222,168,9976,READ,OLTP,,
56674.4270,59,15556,READ,OLTP,,
56681.8549,170,15660,READ,OLTP,,
56685.5099,171,11390,READ,OLTP,,
56749.1166,171,11236,WRITE,OLTP,,
56767.7176,170,11956,WRITE,OLTP,,
56799.4241,171,8071,READ,OLTP,,
56811.9943,166,14402,READ,OLTP,,
56835.9652,166,8329,READ,OLTP,,
56908.8919,165,8259,WRITE,OLTP,,
56922.8480,170,6457,READ,OLTP,,
56992.6344,168,6258,WRITE,OLTP,,
57007.0329,139,10646,WRITE,OLTP,,
57020.4196,171,13335,READ,OLTP,,
57053.9905,170,9539,WRITE,OLTP,,
57075.8504,171,11665,WRITE,OLTP,,
57078.6753,166,11673,READ,OLTP,,
57083.4771,165,8283,READ,OLTP,,
57120.0995,169,9181,READ,OLTP,,
57124.5997,171,14436,READ,OLTP,,
57130.9786,167,11333,WRITE,OLTP,,
57144.2643,449,13365,READ,OLTP,,
57154.9150,169,13498,READ,OLTP,,
57163.3619,169,4501,READ,OLTP,,
57177.0968,166,7670,READ,OLTP,,
57182.2916,166,10314,WRITE,OLTP,,
57232.4291,165,9741,READ,OLTP,,
57234.2637,169,12743,READ,OLTP,,
57247.6260,181,4929,READ,OLTP,,
57257.3644,171,15236,READ,OLTP,,
57279.2858,169,15779,WRITE,OLTP,,
57337.7184,169,12810,WRITE,OLTP,,
57349.0909,170,7950,READ,OLTP,,
57370.1952,171,7001,READ,OLTP,,
57377.6196,167,8523,READ,OLTP,,
57379.1586,169,5949,READ,OLTP,,
57440.1071,446,8828,READ,OLTP,,
57516.8869,166,15940,READ,OLTP,,
57543.4277,168,12924,WRITE,OLTP,,
57546.9331,167,14657,READ,OLTP,,
57550.1665,291,10770,READ,OLTP,,
57559.0541,166,9304,READ,OLTP,,
57567.0948,450,9072,WRITE,OLTP,,
57576.9206,167,9155,READ,OLTP,,
57582.0698,167,8013,WRITE,OLTP,,
57630.2214,292,13510,READ,OLTP,,
57632.1732,169,13121,WRITE,OLTP,,
57635.6165,48,12011,READ,OLTP,,
57678.7258,60,11985,READ,OLTP,,
57692.1988,451,7332,READ,OLTP,,
57734.2513,165,8501,READ,OLTP,,
57741.9248,166,10065,WRITE,OLTP,,
57752.4296,451,8070,READ,OLTP,,
57764.0017,55,16116,READ,OLTP,,
57767.3720,165,12391,WRITE,OLTP,,
57866.0703,165,9620,READ,OLTP,,
57976.0109,168,4888,READ,OLTP,,
57990.7750,166,4350,READ,OLTP,,
58017.0458,184,4903,WRITE,OLTP,,
58067.5211,170,5389,READ,OLTP,,
58079.4227,169,5438,WRITE,OLTP,,
58095.4452,91,5969,WRITE,OLTP,,
58104.0533,293,15926,READ,OLTP,,
58142.6951,169,12119,WRITE,OLTP,,
58161.3061,165,11991,READ,OLTP,,
58167.8911,171,8614,READ,OLTP,,
58173.0767,166,13683,READ,OLTP,,
58196.3462,169,12201,WRITE,OLTP,,
58220.9130,169,11281,WRITE,OLTP,,
58250.2668,166,7611,READ,OLTP,,
58263.6834,167,13376,READ,OLTP,,
58267.8336,170,13828,READ,OLTP,,
58283.3397,171,14432,READ,OLTP,,
58292.1801,170,10204,READ,OLTP,,
58297.6924,170,4455,READ,OLTP,,
58319.3014,183,15595,READ,OLTP,,
58350.6391,168,4276,READ,OLTP,,
58351.4945,290,13498,WRITE,OLTP,,
58397.2116,166,5917,WRITE,OLTP,,
58399.8779,169,9977,READ,OLTP,,
58403.9299,166,13223,READ,OLTP,,
58413.3510,165,16049,READ,OLTP,,
58445.3332,186,7904,READ,OLTP,,
58447.8372,169,8064,READ,OLTP,,
58464.9206,171,13594,WRITE,OLTP,,
58476.7808,166,9864,READ,OLTP,,
58494.0953,183,8535,WRITE,OLTP,,
58498.8530,169,8470,READ,OLTP,,
58499.2477,171,15183,READ,OLTP,,
58543.8535,182,4491,WRITE,OLTP,,
58551.4549,167,6969,WRITE,OLTP,,
58557.8831,167,7911,READ,OLTP,,
58581.1188,166,7855,WRITE,OLTP,,
58587.8864,186,4969,READ,OLTP,,
58602.3347,167,11831,READ,OLTP,,
58624.7535,182,5509,READ,OLTP,,
58633.6620,167,10213,READ,OLTP,,
58663.7107,353,5556,WRITE,OLTP,,
58671.1159,166,6098,READ,OLTP,,
58675.2990,180,8662,WRITE,OLTP,,
58683.5134,180,10832,WRITE,OLTP,,
58696.5886,184,10931,READ,OLTP,,
58716.6560,165,11078,READ,OLTP,,
58734.0269,165,11056,READ,OLTP,,
58754.3391,168,10372,READ,OLTP,,
58773.0367,168,11912,READ,OLTP,,
58800.7968,169,14460,WRITE,OLTP,,
58807.4048,451,6399,READ,OLTP,,
58814.3970,165,10644,READ,OLTP,,
58864.7693,446,7655,READ,OLTP,,
58874.6389,167,7061,READ,OLTP,,
58921.2917,166,5651,READ,OLTP,,
58926.7030,168,11926,WRITE,OLTP,,
58963.5554,171,15222,WRITE,OLTP,,
59050.9349,167,8763,READ,OLTP,,
59072.0161,48,6026,WRITE,OLTP,,
59098.3375,280,15772,WRITE,OLTP,,
59175.6963,169,11860,READ,OLTP,,
59179.1315,166,14809,READ,OLTP,,
59183.9960,169,10180,READ,OLTP,,
59186.5311,448,11467,WRITE,OLTP,,
59190.5143,170,5010,WRITE,OLTP,,
59217.2900,166,14811,READ,OLTP,,
59260.7832,118,14301,READ,OLTP,,
59264.6267,59,9030,READ,OLTP,,
59268.5438,186,10324,READ,OLTP,,
59279.5373,171,4255,READ,OLTP,,
59304.7157,165,10982,WRITE,OLTP,,
59314.8705,167,12017,READ,OLTP,,
59325.7682,165,13318,READ,OLTP,,
59343.8419,166,8308,WRITE,OLTP,,
59352.0840,170,7853,WRITE,OLTP,,
59353.2220,57,9028,READ,OLTP,,
59353.7966,166,8861,READ,OLTP,,
59415.1184,182,15981,READ,OLTP,,
59420.7411,169,5858,WRITE,OLTP,,
59516.5028,171,16120,READ,OLTP,,
59529.1203,450,14884,READ,OLTP,,
59548.3165,352,15298,WRITE,OLTP,,
59566.0474,455,8791,WRITE,OLTP,,
59581.7007,165,13362,READ,OLTP,,
59589.7399,168,14526,READ,OLTP,,
59599.4545,167,7733,READ,OLTP,,
59599.9959,168,14567,READ,OLTP,,
59601.8172,165,11851,WRITE,OLTP,,
59617.5961,168,9083,READ,OLTP,,
59618.9272,166,12890,READ,OLTP,,
59654.7005,165,11427,READ,OLTP,,
59666.9274,167,7388,WRITE,OLTP,,
59674.5933,168,7010,READ,OLTP,,
59684.4488,168,7572,WRITE,OLTP,,
59708.6533,451,10008,READ,OLTP,,
59711.3876,170,16289,READ,OLTP,,
59779.5293,165,7969,READ,OLTP,,
59779.6933,165,4311,READ,OLTP,,
59780.3913,170,15522,READ,OLTP,,
59781.9973,167,7694,WRITE,OLTP,,
59870.2217,168,12325,WRITE,OLTP,,
59874.5222,170,15045,READ,OLTP,,
59882.2563,446,15130,READ,OLTP,,
59913.3654,58,7773,READ,OLTP,,
59917.3862,169,7154,READ,OLTP,,
59931.0834,456,10519,READ,OLTP,,
59935.9424,167,6637,READ,OLTP,,
59968.2808,165,4903,WRITE,OLTP,,
59985.5078,168,4120,READ,OLTP,,
59989.3650,169,14453,WRITE,OLTP,,
60027.3680,166,11306,WRITE,OLTP,,
60059.0050,171,12475,READ,OLTP,,
60076.3898,171,7708,READ,OLTP,,
60094.0055,165,14456,WRITE,OLTP,,
60101.9186,451,7471,READ,OLTP,,
60130.5164,171,12628,WRITE,OLTP,,
60149.2821,168,9640,READ,OLTP,,
60164.0868,168,8322,READ,OLTP,,
60167.9219,448,11076,READ,OLTP,,
60180.3198,168,6301,READ,OLTP,,
60239.2521,167,13327,READ,OLTP,,
60245.8368,453,14000,WRITE,OLTP,,
60273.0660,169,14979,WRITE,OLTP,,
60308.0299,171,11862,WRITE,OLTP,,
60335.6206,184,6483,WRITE,OLTP,,
60339.9858,169,16198,WRITE,OLTP,,
60352.8052,170,10158,READ,OLTP,,
60373.0100,171,8728,READ,OLTP,,
60375.1256,166,15394,WRITE,OLTP,,
60382.6930,449,6873,WRITE,OLTP,,
60417.2480,171,8004,READ,OLTP,,
60438.1995,170,11223,READ,OLTP,,
60444.0122,55,10908,READ,OLTP,,
60468.4044,446,7620,WRITE,OLTP,,
60516.3999,171,9571,READ,OLTP,,
60519.1355,165,14673,READ,OLTP,,
60523.2414,166,13298,READ,OLTP,,
60528.1328,170,14050,READ,OLTP,,
60544.6001,168,13046,READ,OLTP,,
60554.6693,171,13278,READ,OLTP,,
60562.7317,450,8997,WRITE,OLTP,,
60606.4225,166,5369,WRITE,OLTP,,
60627.7777,182,7358,READ,OLTP,,
60679.1983,168,4320,READ,OLTP,,
60718.1486,165,11839,READ,OLTP,,
60733.2223,167,5326,READ,OLTP,,
60752.2816,169,15577,WRITE,OLTP,,
60767.5904,165,7112,WRITE,OLTP,,
60773.0768,450,9031,READ,OLTP,,
60865.2157,170,8599,WRITE,OLTP,,
60870.3904,167,10236,READ,OLTP,,
60943.0125,171,11519,READ,OLTP,,
60988.2270,169,7130,READ,OLTP,,
61039.0866,167,14447,READ,OLTP,,
61046.5390,170,14998,READ,OLTP,,
61056.0439,171,4601,WRITE,OLTP,,
61056.4628,165,4762,READ,OLTP,,
61065.8302,167,10720,READ,OLTP,,
61081.8987,59,8779,WRITE,OLTP,,
61091.5864,170,8229,WRITE,OLTP,,
61097.2315,169,5201,WRITE,OLTP,,
61099.3400,186,5590,READ,OLTP,,
61114.2207,168,9519,READ,OLTP,,
61138.3480,166,6397,READ,OLTP,,
61145.5280,166,11467,READ,OLTP,,
61173.2781,60,6322,READ,OLTP,,
61203.4888,57,5444,READ,OLTP,,
61223.8257,171,12042,READ,OLTP,,
61230.6299,167,12287,WRITE,OLTP,,
61243.3214,167,6157,READ,OLTP,,
61249.5896,60,7363,READ,OLTP,,
61267.4115,168,8624,READ,OLTP,,
61300.3946,170,6686,WRITE,OLTP,,
61302.4936,170,10254,READ,OLTP,,
61323.5535,168,8248,READ,OLTP,,
61325.7661,171,12472,READ,OLTP,,
61329.1755,167,15513,READ,OLTP,,
61391.8595,170,12389,WRITE,OLTP,,
61433.9669,171,14936,WRITE,OLTP,,
61439.8216,167,15975,READ,OLTP,,
61444.5541,165,7803,READ,OLTP,,
61446.6022,166,6629,WRITE,OLTP,,
61462.3872,167,4479,READ,OLTP,,
61478.2045,167,11706,READ,OLTP,,
61484.4193,167,5301,WRITE,OLTP,,
61485.9250,169,14563,WRITE,OLTP,,
61497.4542,168,9660,READ,OLTP,,
61513.0237,165,11327,READ,OLTP,,
61586.7199,165,4409,WRITE,OLTP,,
61626.2288,291,6825,READ,OLTP,,
61653.3324,167,12549,READ,OLTP,,
61679.0723,169,8350,READ,OLTP,,
61699.6414,166,11455,WRITE,OLTP,,
61733.5958,171,5169,READ,OLTP,,
61771.1429,165,9170,READ,OLTP,,
61800.8686,166,12230,READ,OLTP,,
61809.4718,171,5939,READ,OLTP,,
61821.0530,169,14267,READ,OLTP,,
61832.1276,170,15839,READ,OLTP,,
61839.7188,180,16091,WRITE,OLTP,,
61850.0109,167,8619,READ,OLTP,,
61861.1075,167,8252,READ,OLTP,,
61868.8079,59,7126,READ,OLTP,,
61879.8807,169,10812,READ,OLTP,,
61893.2689,166,16201,READ,OLTP,,
61906.1247,165,14192,WRITE,OLTP,,
61928.5930,171,13320,READ,OLTP,,
61938.9992,170,5814,WRITE,OLTP,,
61966.2607,169,10757,WRITE,OLTP,,
61975.0187,171,9688,READ,OLTP,,
62004.1066,168,8405,WRITE,OLTP,,
62009.4130,166,13224,READ,OLTP,,
62030.5470,290,14030,READ,OLTP,,
62067.8014,179,4181,READ,OLTP,,
62157.2265,168,12723,READ,OLTP,,
62164.8011,454,13378,READ,OLTP,,
62166.7928,60,14964,READ,OLTP,,
62191.6503,168,12905,WRITE,OLTP,,
62207.9488,292,16105,READ,OLTP,,
62208.2006,167,6577,WRITE,OLTP,,
62213.5368,165,11223,WRITE,OLTP,,
62213.7636,287,10768,WRITE,OLTP,,
62258.7738,171,14260,READ,OLTP,,
62263.1245,291,6334,READ,OLTP,,
62285.4755,168,15319,READ,OLTP,,
62341.0465,58,15118,WRITE,OLTP,,
62362.5875,171,6618,READ,OLTP,,
62365.9048,170,7879,WRITE,OLTP,,
62367.6007,165,11811,WRITE,OLTP,,
62372.3944,59,4888,READ,OLTP,,
62384.9366,451,14524,READ,OLTP,,
62387.7842,169,4522,WRITE,OLTP,,
62399.1797,169,13920,READ,OLTP,,
62444.2633,169,7368,WRITE,OLTP,,
62464.0083,165,13190,READ,OLTP,,
62487.2491,167,16174,WRITE,OLTP,,
62496.2057,165,9743,READ,OLTP,,
62523.0389,183,10084,WRITE,OLTP,,
62555.7874,166,14726,READ,OLTP,,
62557.6910,169,15864,READ,OLTP,,
62566.5134,171,10129,WRITE,OLTP,,
62566.7434,449,14950,READ,OLTP,,
62603.3253,169,7711,READ,OLTP,,
62603.9542,165,9240,WRITE,OLTP,,
62620.4047,167,9555,READ,OLTP,,
62624.4230,184,9277,READ,OLTP,,
62637.5326,290,14228,READ,OLTP,,
62641.3452,109,7976,READ,OLTP,,
62646.6366,170,5066,WRITE,OLTP,,
62694.2989,168,4453,READ,OLTP,,
62707.3779,167,4246,WRITE,OLTP,,
62726.8853,354,14190,READ,OLTP,,
62735.1426,165,4873,READ,OLTP,,
62736.7369,166,12580,WRITE,OLTP,,
62742.7268,169,5731,WRITE,OLTP,,
62743.0279,171,5017,READ,OLTP,,
62758.4065,168,6947,READ,OLTP,,
62758.6794,169,14604,READ,OLTP,,
62765.1628,171,5780,READ,OLTP,,
62770.5160,165,15036,WRITE,OLTP,,
62807.0715,165,4321,READ,OLTP,,
62823.5922,169,4913,READ,OLTP,,
62828.5874,291,7409,WRITE,OLTP,,
62832.5622,170,7439,READ,OLTP,,
62842.5675,170,11517,READ,OLTP,,
62861.7417,165,6620,READ,OLTP,,
62893.0607,168,13231,WRITE,OLTP,,
62894.5250,165,5649,WRITE,OLTP,,
62932.2392,170,9910,READ,OLTP,,
62978.1201,171,9364,READ,OLTP,,
62994.5605,171,15483,READ,OLTP,,
63017.2403,171,9974,READ,OLTP,,
63076.2060,170,4628,READ,OLTP,,
63076.7043,165,11241,READ,OLTP,,
63078.2326,181,14909,READ,OLTP,,
63119.0397,181,6840,READ,OLTP,,
63169.7076,165,4687,WRITE,OLTP,,
63170.0380,165,13864,WRITE,OLTP,,
63170.4795,168,11468,WRITE,OLTP,,
63170.6439,169,11320,READ,OLTP,,
63177.3751,171,6613,READ,OLTP,,
63186.4315,169,5911,READ,OLTP,,
63208.1586,171,12912,WRITE,OLTP,,
63227.3085,169,4430,READ,OLTP,,
63230.0128,168,13278,READ,OLTP,,
63256.5392,168,14454,WRITE,OLTP,,
63268.0189,125,14102,READ,OLTP,,
63291.0786,168,9869,READ,OLTP,,
63295.0336,167,7718,WRITE,OLTP,,
63302.8043,169,7244,READ,OLTP,,
63313.1664,169,6037,WRITE,OLTP,,
63313.3100,457,9704,WRITE,OLTP,,
63319.6909,450,13438,READ,OLTP,,
63327.2754,169,7325,READ,OLTP,,
63339.3952,285,12538,READ,OLTP,,
63342.3854,168,5401,READ,OLTP,,
63344.6672,171,9681,WRITE,OLTP,,
63378.4134,168,14170,WRITE,OLTP,,
63483.1484,184,9406,READ,OLTP,,
63566.9213,170,8572,WRITE,OLTP,,
63584.9413,90,10257,READ,OLTP,,
63585.6296,167,5982,WRITE,OLTP,,
63585.8676,166,15833,READ,OLTP,,
63596.1811,170,15134,WRITE,OLTP,,
63601.2283,171,5650,READ,OLTP,,
63605.1933,165,14761,READ,OLTP,,
63625.8056,57,11414,READ,OLTP,,
63672.7106,122,11492,READ,OLTP,,
63682.4995,170,14643,READ,OLTP,,
63711.9753,166,9496,READ,OLTP,,
63718.1687,61,5347,READ,OLTP,,
63724.0107,168,15833,READ,OLTP,,
63726.9208,169,13226,WRITE,OLTP,,
63756.2240,139,5134,READ,OLTP,,
63775.7361,182,14159,READ,OLTP,,
63776.7644,167,16263,READ,OLTP,,
63787.8295,184,7150,READ,OLTP,,
63789.7470,61,6749,READ,OLTP,,
63790.5842,382,8317,READ,OLTP,,
63793.1142,171,15837,READ,OLTP,,
63814.7329,114,9352,READ,OLTP,,
63819.3950,166,7966,READ,OLTP,,
63838.2353,170,16253,WRITE,OLTP,,
63858.4282,170,14034,WRITE,OLTP,,
63866.7435,458,15252,READ,OLTP,,
63946.4093,183,7093,READ,OLTP,,
63952.6285,183,15505,READ,OLTP,,
63970.8102,168,14721,READ,OLTP,,
63989.1959,169,8601,READ,OLTP,,
63996.0172,169,7609,READ,OLTP,,
64002.8945,168,14966,READ,OLTP,,
64033.0427,114,8463,READ,OLTP,,
64066.4716,186,10191,READ,OLTP,,
64072.8640,168,9946,READ,OLTP,,
64089.4325,165,11439,READ,OLTP,,
64098.8369,171,15029,READ,OLTP,,
64109.3728,180,12197,READ,OLTP,,
64116.1965,169,7798,READ,OLTP,,
